artistName,tags,hoursPlayed
Billie Eilish,"pop, indie pop, electropop, art pop, alternative",213.8055275
Cigarettes After Sex,"dream pop, shoegaze, slowcore, lo-fi, indie",104.382175
The Beatles,"classic rock, rock, british, 60s, pop",28.721878611111112
The Neighbourhood,"indie, indie rock, indie pop, rock, alternative",22.101031666666668
The Marías,"dream pop, indie pop, bedroom pop, indie, sophisti-pop",21.478036666666668
Vlad Rosu,,15.1764775
Tom Odell,"indie, folk, british, singer-songwriter, piano",13.879882222222221
Adele,"soul, female vocalists, british, singer-songwriter, indie",12.750291666666667
Kendrick Lamar,"hip-hop, rap, west coast, hip hop, compton",11.221013333333334
Lana Del Rey,"indie, female vocalists, indie pop, pop, alternative",11.131919444444444
Olivia Rodrigo,"pop, pop rock, rock, indie pop, female vocalists",8.934445277777778
Adrianne Lenker,"singer-songwriter, indie folk, folk, female vocalists, indie",8.926868888888889
Frank Ocean,"rnb, soul, hip-hop, r&b, ofwgkta",8.002948611111112
Conan Gray,"pop, indie pop, my top songs, indie, american",7.981379166666667
Radiohead,"rock, alternative, alternative rock, indie, electronic",7.9145972222222225
FINNEAS,"indie pop, alternative, singer-songwriter, indie, my top songs",7.881107777777777
sombr,"indie, alternative, rock, singer-songwriter, indie rock",7.768771388888889
Daniel Caesar,"rnb, soul, neo-soul, canadian, alternative rnb",7.585424722222222
Rammstein,"industrial metal, metal, german, industrial, rock",7.2791355555555555
Billy Joel,"classic rock, singer-songwriter, rock, pop, piano",7.151944722222222
Ariana Grande,"pop, rnb, female vocalists, ariana grande, american",6.9419836111111115
John Lennon,"classic rock, rock, singer-songwriter, british, pop",6.823985833333333
Kanye West,"hip-hop, rap, hip hop, rnb, kanye west",6.730350277777778
Phoebe Bridgers,"singer-songwriter, indie folk, folk, indie, indie rock",6.653221944444445
The Favors,"indie, pop, pop rock, usa, united states",6.448303611111111
Jeff Buckley,"singer-songwriter, rock, alternative, folk, indie",6.136906388888889
David Bowie,"glam rock, rock, classic rock, 80s, alternative",5.9706275
Pink Floyd,"progressive rock, psychedelic rock, classic rock, rock, psychedelic",5.945912222222222
The Smiths,"post-punk, indie, new wave, 80s, alternative",5.7675769444444445
Justin Timberlake,"pop, rnb, dance, male vocalists, hip-hop",5.5070322222222226
Laufey,"jazz, bossa nova, jazz pop, pop, female vocalists",5.458639166666667
girl in red,"dream pop, indie pop, indie, bedroom pop, lo-fi",5.39191
Guns N' Roses,"hard rock, rock, classic rock, 80s, metal",5.2847494444444445
Bruno Mars,"pop, rnb, male vocalists, r&b, slow jams",5.214699444444444
Tame Impala,"psychedelic rock, psychedelic, indie rock, australian, rock",5.126526944444445
Bad Bunny,"reggaeton, trap, latin, puerto rico, trap latino",4.913157222222222
Doja Cat,"pop, rnb, rap, hip-hop, hip hop",4.836613611111111
Mănăstirea Radu Vodă,"christian, romania, monastery",4.780146111111111
Michael Jackson,"pop, 80s, dance, soul, funk",4.772623055555556
Harry Styles,"pop, rock, pop rock, alternative, british",4.696174444444445
Sufjan Stevens,"folk, indie, singer-songwriter, alternative, indie rock",4.660469444444445
Coldplay,"rock, alternative, britpop, alternative rock, indie",4.583310555555555
2Pac,"rap, hip-hop, gangsta rap, west coast rap, hip hop",4.539544444444444
Fleetwood Mac,"classic rock, rock, 70s, blues, pop",4.484270833333333
Stefan Costea,"romanian rnb, pop, rnb, rap, romanian trap",4.364006666666667
Childish Gambino,"hip-hop, rap, hip hop, indie, underground hip-hop",4.302009444444445
Hozier,"blues, indie, soul, singer-songwriter, irish",4.083661388888889
Melanie Martinez,"pop, indie, indie pop, female vocalists, alternative",4.039649722222222
Chappell Roan,"pop, indie pop, synthpop, queer, electropop",4.024064444444445
Frank Sinatra,"jazz, swing, oldies, vocal jazz, easy listening",3.820398611111111
Mazzy Star,"dream pop, shoegaze, female vocalists, indie, alternative",3.792011666666667
Sade,"soul, jazz, female vocalists, chillout, pop",3.757617222222222
Justin Bieber,"pop, black metal, rnb, justin bieber, hip-hop",3.504756388888889
Drake,"hip-hop, rap, rnb, hip hop, canadian",3.4608655555555554
Queen,"classic rock, rock, hard rock, glam rock, 80s",3.3758766666666666
Billy Idol,"rock, new wave, 80s, punk, classic rock",3.2219633333333335
Gorillaz,"electronic, alternative, hip-hop, rock, indie",3.219282222222222
Beach House,"dream pop, indie pop, indie, lo-fi, dreamy",3.1879580555555553
Novo Amor,"folk, indie, acoustic, british, indie folk",3.1712344444444445
Montell Fish,"gospel, soul, hip-hop, electronic, alternative rnb",3.1667947222222224
Simply Red,"pop, soul, 80s, british, rock",3.0157894444444446
Strawberry Guy,"dream pop, indie pop, bedroom pop, british, shoegaze",2.9408019444444444
Faye Webster,"indie folk, singer-songwriter, indie, folk, country",2.9253066666666667
"Tyler, The Creator","hip-hop, rap, ofwgkta, underground hip-hop, swag",2.915863611111111
Brainy,"binaural, binaural beats, bnaural",2.908943333333333
Patrick Watson,"indie, singer-songwriter, folk, canadian, alternative",2.8703019444444444
The Weeknd,"rnb, electronic, dubstep, canadian, prog-rnb",2.8520877777777778
Rihanna,"pop, rnb, female vocalists, dance, hip-hop",2.845616388888889
Mac Miller,"hip-hop, rap, underground hip-hop, hip hop, pittsburgh",2.801689166666667
50 Cent,"rap, hip-hop, gangsta rap, hip hop, 50 cent",2.7458316666666667
Amy Winehouse,"soul, jazz, female vocalists, british, singer-songwriter",2.738775
AC/DC,"hard rock, classic rock, rock, heavy metal, metal",2.7265872222222223
Elton John,"pop, classic rock, singer-songwriter, rock, piano",2.7068105555555557
Malcolm Todd,"alternative rnb, indie, indie rock, usa, ten million plays",2.7059341666666668
A$AP Rocky,"hip-hop, rap, underground hip-hop, swag, cloud rap",2.6989475
wave to earth,"korean, indie pop, k-indie, indie rock, no skips",2.647809722222222
Lorde,"pop, indie pop, electronic, indie, new zealand",2.5481244444444444
Playboi Carti,"trap, cloud rap, hip-hop, rap, rage",2.4644994444444444
PinkPantheress,"electronic, pop, 2-step, rnb, dance-pop",2.4347991666666666
Searows,"indie folk, singer-songwriter, folk, indie, slowcore",2.4206772222222224
Imogen Heap,"electronic, female vocalists, indie, alternative, singer-songwriter",2.379511111111111
Prince,"funk, pop, soul, rock, 80s",2.37281
Kali Uchis,"rnb, neo-soul, soul, alternative rnb, pop",2.2866138888888887
Charlie Puth,"pop, rnb, soul, american, male vocalists",2.2627297222222222
Scorpions,"hard rock, classic rock, heavy metal, rock, 80s",2.244071111111111
The Notorious B.I.G.,"hip-hop, rap, gangsta rap, east coast rap, hip hop",2.2203744444444444
Sam Smith,"soul, pop, british, electronic, dance",2.1764925
SOFIA ISELLA,"female vocalists, experimental, art pop, indie, pop",2.1626922222222222
Matt Maltese,"indie pop, pop, singer-songwriter, indie, uk",2.148714722222222
Bruce Springsteen,"rock, classic rock, singer-songwriter, folk, 80s",2.131209722222222
Bon Jovi,"rock, hard rock, classic rock, 80s, hair metal",2.1309258333333334
Iron Maiden,"heavy metal, metal, nwobhm, hard rock, rock",2.117239722222222
Arctic Monkeys,"indie rock, indie, british, alternative, rock",2.0779958333333335
Sydney Rose,"singer-songwriter, indie pop, indie folk, folk pop, united states",2.0759619444444444
Paul McCartney,"classic rock, rock, british, singer-songwriter, pop",2.070943888888889
ABBA,"pop, disco, 70s, swedish, 80s",2.048907777777778
Labrinth,"electronic, british, rnb, dance, r&b",2.0028916666666667
Mitski,"indie rock, indie, indie pop, singer-songwriter, dream pop",1.97864
Olivia Dean,"soul, rnb, pop, indie, female vocalists",1.9333555555555555
Calvin Harris,"electronic, dance, electro, disco, electronica",1.9154808333333333
Leith Ross,"folk, singer-songwriter, indie pop, acoustic, canada",1.9098280555555556
Ice Cube,"hip-hop, rap, gangsta rap, west coast, hip hop",1.8935633333333333
Led Zeppelin,"classic rock, hard rock, rock, 70s, progressive rock",1.8882008333333333
JAY-Z,"hip-hop, rap, hip hop, east coast rap, jay-z",1.8498041666666667
Chase Atlantic,"rnb, australian, indie, rock, alternative",1.8444427777777779
Ms. Lauryn Hill,"soul, rnb, neo-soul, hip hop, hip-hop",1.8144708333333333
Mac DeMarco,"lo-fi, indie, post-punk, experimental, indie rock",1.8103491666666667
Natasha Bedingfield,"pop, female vocalists, british, singer-songwriter, female",1.7909461111111111
Joji,"lo-fi, rnb, hip-hop, alternative rnb, japanese",1.7893544444444445
Sleeping At Last,"indie, indie rock, alternative, christian, rock",1.7700930555555556
Ozzy Osbourne,"heavy metal, hard rock, metal, classic rock, rock",1.7284144444444445
張洢豪,chinese,1.725883888888889
Daryl Hall & John Oates,,1.7124422222222222
TV Girl,"indie pop, lo-fi, indie, chillwave, pop",1.6859002777777778
Celeste,"sludge, screamo, post-hardcore, black metal, french",1.6820472222222222
Psalt Marian Moise,"byzantine, religious, orthodox, orthodoxy, orthodox chant",1.6723122222222222
Suki Waterhouse,"indie pop, my top songs, indie, pop, female vocalists",1.6527344444444445
Bon Iver,"folk, indie, singer-songwriter, acoustic, lo-fi",1.642351388888889
Chris Isaak,"rock, blues, singer-songwriter, 80s, pop",1.6225130555555556
Brent Faiyaz,"rnb, soul, electronic, neo-soul, alternative rnb",1.620051111111111
Ray Charles,"jazz, soul, blues, rhythm and blues, piano",1.601243611111111
Ed Sheeran,"acoustic, british, singer-songwriter, pop, easy-listening",1.595376388888889
AURORA,"art pop, synthpop, indie pop, pop, norwegian",1.5817691666666667
Ravyn Lenae,"rnb, soul, neo-soul, alternative rnb, electronic",1.5733575
Big Thief,"indie rock, indie folk, folk, folk rock, indie",1.5672641666666667
Bryan Adams,"rock, classic rock, 80s, pop, canadian",1.5653969444444444
The Police,"rock, new wave, classic rock, 80s, pop",1.5428716666666666
RY X,"folk, indie, singer-songwriter, indie folk, australian",1.5425025
Holograf,"romanian, rock, pop-rock, hard rock, holograf",1.525118888888889
Saint Avangeline,"dream pop, pop, ethereal wave, indie, indie pop",1.4784772222222222
Love Spells,"newbreed, electronic, chillwave, post-whatever, dope",1.4638933333333333
traian,"rap, hip hop, underground hip-hop, hip-hop, scenecore",1.4473730555555555
Duran Duran,"new wave, 80s, pop, synth pop, rock",1.4414825
Nirvana,"grunge, rock, alternative rock, alternative, 90s",1.4309775
Addison Rae,"pop, american, electropop, alt-pop, queen of pop",1.4300791666666666
Don Henley,"classic rock, rock, 80s, singer-songwriter, soft rock",1.42496
Depeche Mode,"electronic, new wave, synthpop, synth pop, 80s",1.4181813888888888
Whitesnake,"hard rock, classic rock, 80s, rock, hair metal",1.411748611111111
Bob Dylan,"folk, singer-songwriter, classic rock, folk rock, rock",1.3943691666666667
Sia,"female vocalists, indie, chillout, trip-hop, downtempo",1.3578425
Men At Work,"80s, new wave, rock, australian, pop",1.3508466666666668
BUBBLE TEA AND CIGARETTES,"dream pop, slowcore, indie pop, indie rock, bedroom pop",1.3303830555555556
Chezile,"chillout, indie, pop, alternative, chill",1.3255819444444445
Foreigner,"classic rock, rock, hard rock, 80s, pop",1.3247288888888888
Omar Apollo,"rnb, soul, funk, indie, queer",1.3077458333333334
Oh Wonder,"minimal pop, indie, electronic, indie pop, pop",1.2999166666666666
10cc,"classic rock, rock, 70s, british, pop",1.2931980555555556
Maroon 5,"pop rock, rock, pop, alternative, alternative rock",1.2904941666666667
Rita Ora,"pop, dance, female vocalists, rnb, british",1.2742616666666666
ZAYN,"pop, rnb, british, male vocalists, sexy",1.265826388888889
Peter Gabriel,"progressive rock, rock, singer-songwriter, classic rock, pop",1.2476625
Fugees,"hip-hop, rap, soul, rnb, hip hop",1.2378972222222222
Byzantion,"byzantine, religious, choir, chant, romanian",1.2356997222222221
Shawn Mendes,"pop, canadian, folk, male vocalists, acoustic",1.2194958333333332
Mark Ronson,"funk, british, pop, hip-hop, dj",1.207485
d4vd,"pop, rnb, dream pop, rock, indie pop",1.1865455555555555
Crowded House,"rock, pop, 80s, australian, new zealand",1.1842691666666667
Dua Lipa,"pop, synthpop, electropop, british, female vocalists",1.172136111111111
The Cranberries,"rock, alternative, alternative rock, female vocalists, irish",1.1628752777777778
Alicia Keys,"soul, rnb, female vocalists, pop, singer-songwriter",1.157538611111111
The Goo Goo Dolls,"rock, alternative rock, alternative, 90s, pop",1.1491994444444444
Spandau Ballet,"new wave, 80s, pop, new romantic, british",1.1415241666666667
Metallica,"thrash metal, heavy metal, metal, hard rock, rock",1.1383966666666667
beabadoobee,"indie pop, indie rock, indie, bedroom pop, dream pop",1.1169280555555556
Lord Huron,"folk, psychedelic, indie, indie pop, indie folk",1.1122661111111112
Nessa Barrett,"pop, my top songs, electronic, electropop, pop rock",1.108335
Black Eyed Peas,"hip-hop, pop, rnb, rap, hip hop",1.105793611111111
Bee Gees,"disco, pop, 70s, classic rock, oldies",1.0822352777777777
Vincemp3,"indie, alternative, alternative rock, indie rock, incelcore",1.0700133333333333
Bosquito,"latino, rock, male vocalists, romanian, powerful",1.0341986111111112
SYML,"indie, pop, indie pop, dream pop, my top songs",1.0300113888888889
SZA,"rnb, soul, alternative rnb, electronic, neo-soul",1.0217191666666667
Clairo,"bedroom pop, indie pop, dream pop, lo-fi, pop",1.0036175
salvia palth,"lo-fi, slowcore, dream pop, shoegaze, indie",1.001948611111111
Current Joys,"indie, indie pop, indie rock, dream pop, lo-fi",0.9855352777777778
Lykke Li,"indie pop, female vocalists, swedish, electronic, pop",0.9748472222222222
Lizzy McAlpine,"indie pop, folk, indie folk, my top songs, usa",0.9575575
Goody Grace,"singer-songwriter, canadian, indie, rap, alternative",0.9537752777777778
Sonder,"rnb, soul, neo-soul, alternative rnb, electronic",0.9463719444444444
Iris,"synthpop, electronic, futurepop, hard rock, rock",0.9429719444444444
Sabrina Carpenter,"pop, female vocalists, rnb, american, my top songs",0.9330247222222222
Connie Francis,"oldies, female vocalists, 50s, pop, 60s",0.9283447222222222
Clara La San,"alternative rnb, british, pop, ambient, rnb",0.9276513888888889
Travis Scott,"hip-hop, trap, rap, travis scott, hip hop",0.9143144444444444
Them & I,,0.9054669444444444
J Balvin,"reggaeton, pop, colombian, latin, colombia",0.9046863888888889
Isaiah Rashad,"hip-hop, rap, underground hip-hop, hip hop, underground rap",0.9042719444444445
Edith Whiskers,"cover, uk, england",0.9021141666666667
Katy Perry,"pop, female vocalists, pop rock, indie, rock",0.9001436111111111
Charli xcx,"pop, synthpop, electronic, female vocalists, electroclash",0.8825894444444444
Megadeth,"thrash metal, heavy metal, speed metal, metal, thrash",0.8714741666666667
whatsaheart,"shoegaze, emo, scene, emocore, scenecore",0.8658463888888889
Eazy-E,"gangsta rap, hip-hop, rap, west coast, hip hop",0.8574244444444444
Etta James,"blues, soul, jazz, female vocalists, rhythm and blues",0.8508613888888888
Marian Moise,"dissonant noise rock, harsh noise, no wave, christian liturgical music",0.8264847222222222
Slowdive,"shoegaze, dream pop, ambient, indie, indie rock",0.8246280555555555
Timpuri Noi,"romanian, rock, alternative rock, alternative, industrial",0.8130975
Ken Carson,"rage, trap, cloud rap, rap, opium",0.8055805555555555
Maria Coman,"vocal, world music, ethnic, romanian, chants",0.8018475
DJ Snake,"trap, electronic, dance, edm, french",0.8006783333333334
She & Him,,0.7984872222222222
Michael Bublé,"jazz, swing, pop, easy listening, canadian",0.7864025
Gary Moore,"blues rock, blues, hard rock, rock, classic rock",0.7851555555555556
Sean Paul,"dancehall, reggae, hip-hop, rnb, rap",0.7736894444444444
Electric Light Orchestra,"classic rock, progressive rock, rock, 70s, british",0.7584825
Blood Orange,"chillwave, indie, rnb, alternative rnb, indie pop",0.7574461111111112
Outkast,"hip-hop, funk, rap, soul, hip hop",0.75241
boygenius,"indie rock, indie folk, indie, folk, female vocalists",0.7392569444444445
Billie Holiday,"jazz, blues, female vocalists, vocal jazz, jazz vocal",0.7382216666666667
Milky Chance,"indie, indie rock, reggae, german, singer-songwriter",0.7375894444444444
get lost stranger,,0.7219958333333333
Destroy Lonely,"opium, trap, plugg, rap, woman beater",0.7140633333333334
Ben E. King,"soul, 60s, blues, oldies, classic rock",0.7014941666666666
Red Hot Chili Peppers,"rock, alternative rock, funk rock, alternative, funk",0.6936322222222222
ROLE MODEL,"8-bit, chiptune, electronic, 8bit, pop",0.6908766666666667
The Animals,"classic rock, 60s, rock, british, oldies",0.6898688888888889
The Rolling Stones,"classic rock, rock, british, 60s, blues",0.6851069444444444
Tears For Fears,"new wave, 80s, synth pop, pop, rock",0.6794644444444444
Beyoncé,"rnb, pop, female vocalists, soul, hip-hop",0.6765302777777777
Cemeteries,"dream pop, ambient, indie, shoegaze, ethereal",0.6738794444444445
Eagles,"classic rock, rock, 70s, soft rock, country",0.6660344444444445
Air,"electronic, chillout, ambient, french, electronica",0.6625561111111111
RAYE,"pop, rnb, british, female vocalists, my top songs",0.6515005555555555
Neil Young,"classic rock, singer-songwriter, folk, rock, folk rock",0.6502005555555556
Buck Owens,"country, classic country, honky tonk, bakersfield sound, americana",0.6470108333333333
Chief Keef,"hip-hop, rap, drill, gangsta rap, trap",0.646775
Steve Lacy,"free jazz, jazz, rnb, saxophone, avant-garde jazz",0.6329316666666667
Corala bărbătească ortodoxă Armonia,,0.6307261111111111
Deep Purple,"hard rock, classic rock, rock, progressive rock, heavy metal",0.6222605555555556
Ricky Montgomery,"indie, pop, indie pop, my top songs, indie rock",0.62114
Jessie J,"pop, british, female vocalists, rnb, singer-songwriter",0.6201038888888889
Wings,"classic rock, rock, 70s, british, pop",0.6192202777777778
Cicada VHS,,0.6164080555555556
"Dream, Ivory","dream pop, shoegaze, lo-fi, indie rock, indie",0.6020108333333334
Sam Phillips,"singer-songwriter, female vocalists, alternative, indie, august",0.5991736111111111
Creedence Clearwater Revival,"classic rock, rock, southern rock, 60s, folk",0.5958011111111111
Bill Withers,"soul, funk, 70s, rhythm and blues, rnb",0.5914008333333334
One Direction,"pop, british, boyband, one direction, x factor",0.5872488888888889
KAYTRANADA,"electronic, hip-hop, beats, experimental, house",0.5858822222222222
lilster,,0.5835158333333333
dreamyone,,0.5831427777777778
Gracie Abrams,"pop, indie pop, my top songs, singer-songwriter, indie",0.5769413888888889
alex_g_offline,"indie, usa, unreleased, misery, cringe",0.5714577777777777
natalie jinju,,0.5663613888888889
Phoenix,"indie, french, indie pop, electronic, rock",0.5597986111111111
Pearl Jam,"grunge, rock, alternative rock, 90s, alternative",0.5595583333333334
Cargo,"hard rock, progressive rock, romanian, heavy metal, rock",0.5545422222222223
Dire Straits,"classic rock, rock, 80s, blues, guitar",0.5537419444444445
Lady Gaga,"pop, dance, electronic, female vocalists, female vocalist",0.5409575
Gregory Alan Isakov,"folk, singer-songwriter, acoustic, americana, indie",0.5387780555555556
Major Lazer,"electronic, dancehall, reggae, dub, electro",0.5301788888888889
Céline Dion,"pop, female vocalists, canadian, 90s, french",0.529835
The Cure,"post-punk, new wave, alternative, 80s, rock",0.5287483333333334
Men I Trust,"dream pop, indie pop, indie, sophisti-pop, downtempo",0.5250586111111111
The Ronettes,"60s, pop, soul, oldies, motown",0.5236972222222223
Louis Armstrong,"jazz, blues, swing, trumpet, oldies",0.5231733333333334
B.o.B,"hip-hop, rap, hip hop, dirty south, atlanta",0.5217333333333334
Manchester Orchestra,"indie rock, indie, alternative, rock, alternative rock",0.5174361111111111
sign crushes motorist,"slowcore, lo-fi, irish, indie, lo-fi indie",0.5084502777777777
Clean Bandit,"electronic, indie, british, experimental, electronica",0.5057930555555555
G-Eazy,"hip-hop, rap, hip hop, american, lil wayne",0.5056158333333334
Labi Siffre,"soul, funk, singer-songwriter, pop, british",0.5034475
Bob Marley & The Wailers,,0.49617694444444443
RUBII,"rnb, bristol, alternative rnb, british, urban",0.4961583333333333
Frou Frou,"electronic, female vocalists, indie, alternative, electronica",0.4937636111111111
Jim Croce,"folk, singer-songwriter, classic rock, 70s, rock",0.48852527777777777
The Mamas & The Papas,,0.48105472222222223
Zara Larsson,"pop, swedish, female vocalists, sweden, indie",0.4800675
MAGIC!,"reggae, pop, canadian, soul, rock",0.47864277777777775
HWASA,"k-pop, pop, mamamoo, hwa sa, korean",0.47028583333333335
Vendredi sur Mer,"swiss, electronic, french, switzerland, female vocalists",0.4700358333333333
Lesley Gore,"60s, pop, oldies, female vocalists, classic rock",0.4673163888888889
Miguel,"rnb, soul, r&b, hip-hop, hip hop",0.4653583333333333
Rocco,"dance, trance, techno, house, electronic",0.4581375
Gigi Perez,"bedroom pop, singer-songwriter, indie, folk, my top songs",0.4566513888888889
X-Sonic,"synthpop, electropop, united states",0.45617083333333336
INXS,"rock, new wave, 80s, australian, pop",0.45587222222222223
Wallows,"indie, indie rock, indie pop, alternative, rock",0.45334944444444447
The Strokes,"indie rock, indie, rock, alternative, alternative rock",0.45332194444444446
The Cinematic Orchestra,"jazz, electronic, downtempo, chillout, ninja tune",0.45329194444444443
Sophie B. Hawkins,"female vocalists, pop, singer-songwriter, 90s, alternative",0.4532508333333333
Pitbull,"hip-hop, rap, reggaeton, hip hop, crunk",0.4478697222222222
DNCE,"pop, pop rock, dance, funk, american",0.44614055555555554
The Something Specials,"folk, soft rock, country, rock, indie",0.44558416666666667
Winter Aid,"singer-songwriter, folk, indie, irish, love  winter aid",0.44518861111111113
Elvis Presley,"rock n roll, classic rock, rock, oldies, rock and roll",0.4397697222222222
Taylor Swift,"country, pop, female vocalists, singer-songwriter, acoustic",0.42976472222222223
Anna of the North,"pop, synthpop, indie pop, norwegian, norway",0.4288102777777778
Twenty One Pilots,"electronic, alternative, rap, indie pop, indie",0.4230575
Fifth Harmony,"pop, female vocalists, x factor, american, rnb",0.4226511111111111
Lily Allen,"pop, female vocalists, british, britpop, singer-songwriter",0.4186875
Don McLean,"folk, classic rock, singer-songwriter, 70s, rock",0.41695305555555556
Antônio Carlos Jobim,"bossa nova, jazz, brazilian, mpb, latin",0.4159538888888889
Dean Martin,"jazz, swing, oldies, easy listening, lounge",0.41488861111111114
Supertramp,"progressive rock, classic rock, rock, 70s, pop",0.41409277777777775
The Chainsmokers,"electronic, pop, house, electro house, dance",0.4137188888888889
Celelalte Cuvinte,"romanian, progressive rock, hard rock, rock, classic rock",0.40593805555555557
Cristi Minculescu,,0.4055238888888889
P!nk,"pop, pop rock, female vocalists, rock, female",0.4009161111111111
Judas Priest,"heavy metal, metal, hard rock, nwobhm, classic rock",0.3970591666666667
no/vox,,0.3969183333333333
Gotts Street Park,"jazz, soul, indie pop, funk, british",0.39519944444444444
Shakira,"pop, latin, female vocalists, spanish, rock",0.39176194444444445
Madonna,"pop, dance, female vocalists, 80s, electronic",0.3901455555555556
The Sundays,"dream pop, indie, female vocalists, alternative, 90s",0.3832625
Young the Giant,"indie rock, indie, rock, american, alternative rock",0.3817747222222222
Dr. Dre,"hip-hop, rap, gangsta rap, west coast, hip hop",0.3801733333333333
SIENNA SPIRO,"jazz, soul, singer-songwriter, british, united kingdom",0.37759333333333334
Hazlett,"indie, rock, alternative, australia, song-writer",0.37559944444444443
Birdy,"folk, indie, female vocalists, british, singer-songwriter",0.37391111111111114
Frankie Valli,"60s, classic rock, oldies, jazz, swing",0.37164305555555555
Samia,"indie pop, singer-songwriter, lo-fi, indie, indie rock",0.37068111111111113
Buster Benton,"blues, need to rate, united states, american, classic blues",0.36925444444444444
Cults,"indie pop, lo-fi, experimental, noise, indie",0.36679333333333336
Rex Orange County,"indie pop, rnb, pop, jazz, indie",0.3656933333333333
Disclosure,"electronic, uk garage, house, future garage, dubstep",0.36374305555555553
Olivia Newton-John,"pop, female vocalists, 70s, 80s, country",0.3604222222222222
Travie McCoy,"hip-hop, rap, alternative rap, indie, hip hop",0.3596788888888889
Aretha Franklin,"soul, jazz, female vocalists, blues, rhythm and blues",0.3547108333333333
Modjo,"house, electronic, dance, french, pop",0.3517625
Ichiko Aoba,"folk, singer-songwriter, japanese, chamber folk, contemporary folk",0.34786944444444445
Bertha Tillman,"oldies, pop, spotify, soul, singer-songwriter",0.3476625
Julie London,"jazz, female vocalists, vocal jazz, swing, jazz vocal",0.34712611111111114
two legged sheep,,0.34645944444444443
Iration,"reggae, dub, hardcore, straight edge, vegan straight edge",0.3409727777777778
Matt Berry,"folk, british, progressive rock, comedy, faaaatheeeer",0.33885333333333334
Lenny Kravitz,"rock, funk, alternative, alternative rock, pop",0.33825916666666667
Lost in Blues,,0.3377113888888889
Avenoir,"rnb, alternative rnb, canadian, alternative, canada",0.33674944444444443
The 1975,"indie, indie rock, british, alternative, rock",0.3348422222222222
mehro,"pop, folk, rnb, indie, usa",0.33387527777777776
U2,"rock, classic rock, irish, alternative, pop",0.33248222222222223
A$AP Ferg,"hip-hop, trap, rap, hip hop, swag",0.3305025
Mary J. Blige,"rnb, soul, female vocalists, hip-hop, urban",0.3276777777777778
Carly Simon,"female vocalists, pop, singer-songwriter, 70s, rock",0.32165472222222224
Cyndi Lauper,"pop, 80s, female vocalists, new wave, rock",0.3213188888888889
Sixpence None The Richer,"pop, female vocalists, alternative, rock, christian",0.3205883333333333
KISS,"rock, 80s, 70's, rock, 80s",0.31622805555555555
Estelle,"rnb, soul, female vocalists, hip-hop, british",0.31377055555555555
Leon Thomas,"jazz, soul, funk, spiritual jazz, free jazz",0.31163861111111113
Carole King,"singer-songwriter, female vocalists, folk, pop, classic rock",0.3098680555555556
"Grover Washington, Jr.","jazz, smooth jazz, saxophone, funk, fusion",0.30948
周柯宇,"chinese, pop, rap, c-pop, mandopop",0.3092491666666667
Brenda Lee,"oldies, 60s, country, female vocalists, rockabilly",0.3052741666666667
BØRNS,"folk, ambient, pop, synthpop, everything",0.30386138888888886
尹露浠,,0.3036905555555556
Christina Aguilera,"pop, female vocalists, soul, rnb, dance",0.3021847222222222
Liana Flores,"indie pop, folk pop, singer-songwriter, bossa nova, chamber folk",0.30090916666666667
Take Care,"slowcore, lo-fi, indie, ambient, alternative",0.2990627777777778
Meghan Trainor,"pop, female vocalists, soul, american, jazz",0.2979127777777778
Ricky Nelson,"rockabilly, oldies, 60s, classic rock, rock",0.29786666666666667
Rvssian,"reggaeton, trap, dancehall, latin, jamaican",0.29664
Gucci Mane,"hip-hop, rap, dirty south, southern rap, trap",0.29625555555555555
Black Box Recorder,"indie, female vocalists, british, indie pop, britpop",0.2961127777777778
Petros Gaitanos,"greek, byzantine, orthodox, spiritual, balkan",0.2931813888888889
LMFAO,"electronic, hip-hop, electro, crunk, hip hop",0.29127333333333333
Bella Kay,indie,0.2887411111111111
Rod Stewart,"classic rock, rock, soft rock, 70s, pop",0.2884125
Ducu Bertzi,"folk, romanian, philosophical, romanian folk, ducu bertzi",0.28660277777777776
Diana Ross,"soul, disco, pop, female vocalists, motown",0.28456777777777775
Djo,"psychedelic pop, indie pop, indie, psychedelic, indie rock",0.28390333333333334
Her's,"dream pop, post-punk, jangle pop, indie pop, indie",0.28340777777777776
Muse,"alternative rock, rock, progressive rock, alternative, indie",0.28286194444444446
Carpenters,"pop, 70s, female vocalists, easy listening, oldies",0.28088083333333336
"Peter, Paul and Mary","folk, 60s, singer-songwriter, oldies, classic rock",0.27747166666666667
Akon,"rnb, hip-hop, rap, pop, hip hop",0.2763583333333333
HUNTR/X,"k-pop, pop, korean, ost, kpop",0.27561
J. Cole,"hip-hop, rap, hip hop, north carolina, underground hip-hop",0.27480305555555556
Delaney Bailey,"folk, singer-songwriter, indie folk, usa, singer songwriter",0.27203944444444444
Avicii,"house, electronic, dance, progressive house, electro house",0.27180583333333336
Oscar Lang,"british, indie rock, indie pop, britpop, bedroom pop",0.2711969444444444
The Paper Kites,"folk, indie, australian, indie folk, acoustic",0.2694519444444444
TOTO,"rock, classic rock, 80s, progressive rock, pop",0.26924944444444443
dj gummy bear,electronic,0.26788388888888887
Grant-Lee Phillips,"singer-songwriter, folk, americana, alternative, alt-country",0.2675836111111111
Lukas Graham,"pop, soul, danish, retro pop, denmark",0.26697666666666664
Steve Siu,,0.26555555555555554
Lost Frequencies,"deep house, electronic, dance, house, belgian",0.2627586111111111
Joe Dassin,"french, chanson, pop, chanson francaise, francais",0.26251166666666664
赵露思 Rosy,,0.2613933333333333
Dreamgirl,"soundtrack, usa",0.2610761111111111
MF DOOM,"hip-hop, underground hip-hop, rap, hip hop, mf doom",0.25751583333333333
Tom Rosenthal,"folk, indie, singer-songwriter, british, indie folk",0.2556463888888889
Eminem,"rap, hip-hop, hip hop, eminem, pop",0.2525313888888889
Royel Otis,"indie pop, indie rock, lo-fi, dream pop, australian",0.2524897222222222
Wham!,"pop, 80s, new wave, british, dance",0.2494861111111111
Shen Lab,,0.24904861111111112
dandelion hands,"lo-fi, indie, slowcore, folk, acoustic",0.2487311111111111
Culture Club,"80s, new wave, pop, british, synth pop",0.24587666666666666
The Mariachis,uk,0.24540194444444444
Gym Class Heroes,"hip-hop, alternative, indie, rap, hip hop",0.24498722222222222
The Mills Brothers,"the, jazz, of, and, vocal jazz",0.24423055555555556
Black Sabbath,"heavy metal, hard rock, classic rock, metal, rock",0.2424688888888889
Sting,"rock, pop, classic rock, british, singer-songwriter",0.24081972222222223
米卡,"chinese, pop, cpop, b, into1",0.24033222222222222
Lauv,"pop, indie pop, indie, american, jazz",0.23871138888888888
"IRIS Cristi Minculescu, Valter & Boro",,0.23820388888888888
Belle and Sebastian,"indie, indie pop, alternative, twee, indie rock",0.23819222222222222
Halsey,"pop, indie pop, indie, alternative, female vocalists",0.2381825
Boston,"classic rock, rock, hard rock, progressive rock, 80s",0.23761083333333333
Dazz Band,"funk, soul, disco, 80s, rnb",0.23704416666666667
Lidia Buble,"romanian, pop, female vocalists, romanian pop, cat music",0.23681833333333333
KC & The Sunshine Band,,0.23581833333333332
Yusuf / Cat Stevens,,0.23395916666666666
Steven Universe,"text, soundtrack, drum and bass, musical, cartoon",0.2331
Clams Casino,"hip-hop, instrumental hip-hop, electronic, witch house, instrumental",0.231425
Peter Bjorn and John,"indie, swedish, indie pop, indie rock, alternative",0.2305775
Tate McRae,"pop, my top songs, canadian, electropop, canada",0.23000472222222224
Thee Sacred Souls,"soul, funk, rnb, united states, san diego",0.2296402777777778
Simplu,"dance, pop, romania, r&b, boy band",0.22933583333333332
Chris Brown,"rnb, hip-hop, chris brown, rap, hip hop",0.22927333333333333
Asal,"canadian, indie, pop, alternative, canada",0.2292163888888889
daniel.mp3,,0.22912027777777777
Alice Phoebe Lou,"singer-songwriter, folk, indie pop, south africa, female vocalists",0.22785805555555555
Nat King Cole,"jazz, swing, blues, oldies, jazz vocal",0.2262225
林晨阳,,0.22507916666666666
Jungle,"electronic, psychedelic, techno, jungle, funk",0.22498833333333335
Metro Boomin,"trap, rap, hip-hop, hip hop, southern hip hop",0.2249225
Lola Young,"pop, rnb, indie pop, soul, my top songs",0.2223075
Frankie Cosmos,"indie pop, lo-fi, indie, female vocalists, indie rock",0.22175166666666668
Mariah Carey,"pop, rnb, female vocalists, soul, mariah carey",0.22110944444444444
Aurora Ave.,,0.22005416666666666
Emeric Imre,"folk, romantic, genial, male vocalists, romanian folk",0.21970805555555556
The Smashing Pumpkins,"alternative rock, grunge, alternative, rock, 90s",0.21956666666666666
The Flamingos,"doo wop, soul, 50s, oldies, rhythm and blues",0.2194736111111111
Ana Shine,,0.2174311111111111
Rauw Alejandro,"reggaeton, dance, latin, sexy, male vocalists",0.21708777777777777
Woody Herman & His Orchestra,"jazz, swing, big band, clarinet, saxophone",0.21506666666666666
Anitta,"pop, brazilian, funk, dance, female vocalists",0.21495111111111112
Nancy Sinatra,"60s, female vocalists, pop, oldies, classic rock",0.21424055555555555
Paramore,"rock, pop punk, alternative, female vocalists, emo",0.21328027777777778
Player,"soft rock, 70s, rock, classic rock, pop",0.21320416666666667
The Bangles,"pop, 80s, female vocalists, new wave, rock",0.21172583333333334
Grimes,"electronic, dream pop, experimental, psychedelic, canadian",0.21164055555555555
Saga Faye,"swedish, indie, indie pop, sweden, bedroom pop",0.21108333333333335
Alex G,"lo-fi, singer-songwriter, indie rock, indie, indie folk",0.21009916666666667
Phantogram,"trip-hop, electronic, indie, experimental, new york",0.20974666666666666
The Velvet Underground,"psychedelic, rock, classic rock, proto-punk, alternative",0.2095036111111111
Big Mountain,"reggae, pop, 90s, reggae-pop, 80s",0.20793333333333333
Irina Rimes,"moldova, pop, moldovan, romanian, romania",0.20524444444444445
Carla's Dreams,"moldova, moldovan, rap, pop, fusion",0.20360777777777778
Tyron Benoit,,0.20263916666666668
Joy Again,"pennsylvania, garage rock, indie, indie rock, garage",0.19944333333333333
Coco & Clair Clair,,0.19940805555555555
Blondie,"new wave, 80s, rock, female vocalists, pop",0.19884305555555556
Jan Metternich,,0.1982636111111111
Kid Cudi,"hip-hop, rap, alternative rap, hip hop, house",0.19777333333333333
LP,"indie, rock, synthpop, female vocalists, pop",0.19757583333333334
TLC,"rnb, hip-hop, female vocalists, pop, soul",0.19675194444444444
Demi Lovato,"pop, pop rock, female vocalists, disney, guilty pleasure",0.19629555555555556
Bryan Ferry,"glam rock, new wave, 80s, rock, pop",0.19592194444444444
Roy Orbison,"classic rock, rockabilly, 60s, oldies, rock",0.19580555555555557
WiFi歪歪,,0.19415972222222222
Nelly Furtado,"pop, female vocalists, folk, canadian, singer-songwriter",0.19402611111111112
Milli Vanilli,"pop, 80s, german, rnb, hip-hop",0.19246083333333333
Summer Walker,"rnb, soul, neo-soul, pop, trap",0.192205
The Motans,"moldova, soul, pop, rhythm, moldovan",0.191925
Adventure Time,"experimental, electronic, downtempo, hip-hop, soundtrack",0.19142833333333334
WILLOW,"rnb, pop, alternative, post-rock, female vocalists",0.1913622222222222
Future,"hip-hop, rap, trap, hip hop, atlanta",0.1909838888888889
GROUPLOVE,"indie, indie rock, indie pop, alternative, rock",0.19096222222222223
Tory Lanez,"rnb, hip-hop, canadian, rap, trap",0.19062916666666666
Alexandru Andries,"blues, folk, jazz, romanian, rock",0.1903313888888889
The Pied Pipers,"40s, swing, jazz, big band, easy listening",0.19007194444444445
Joan Baez,"folk, singer-songwriter, female vocalists, 60s, classic rock",0.18951861111111112
Eric Carmen,"pop, 80s, soft rock, classic rock, oldies",0.189185
Snoop Dogg,"hip-hop, rap, gangsta rap, west coast, hip hop",0.18889305555555555
Montell Jordan,"rnb, hip-hop, 90s, hip hop, urban",0.1884677777777778
Ellie Goulding,"female vocalists, electronic, british, indie, indie pop",0.18756277777777777
Hush Valley,,0.18728305555555555
Peter McPoland,"country, folk, indie, singer-songwriter, indie pop",0.1857563888888889
Fiona Apple,"female vocalists, singer-songwriter, alternative, piano, indie",0.1857375
Deftones,"nu metal, alternative, metal, alternative rock, alternative metal",0.1848025
Bakar,"french rap, indie, hip hop, rap, french hip hop",0.1841136111111111
Engelbert Humperdinck,"oldies, 60s, pop, easy listening, classical",0.18396027777777776
Sam Cooke,"soul, rhythm and blues, gospel, oldies, rnb",0.18388583333333333
Cory Weeds,"jazz, saxophone, sax, instrumental, funk_add_to_lidarr_batch_6",0.18382583333333333
Hotel Ugly,"neo soul, indie, alternative, soul, indie pop",0.18285666666666667
Édith Piaf,"french, chanson, female vocalists, jazz, chanson francaise",0.18256333333333333
flora cash,"folk, indie, singer-songwriter, sweden, female vocalists",0.18251083333333334
SWV,"rnb, 90s, female vocalists, soul, new jack swing",0.1822661111111111
3 Sud Est,"romanian, pop, dance, 3rei sud est, 3 sud est",0.1814536111111111
The La's,"britpop, british, indie, rock, indie rock",0.18019222222222223
Bedroom,"chillwave, ambient, lo-fi, folk, indie",0.17957666666666666
Corinne Bailey Rae,"soul, female vocalists, jazz, singer-songwriter, pop",0.17946666666666666
Urge Overkill,"rock, alternative rock, alternative, 90s, soundtrack",0.17929722222222222
Rudimental,"drum and bass, dubstep, electronic, british, uk funky",0.17917333333333332
Madcon,"hip-hop, rnb, rap, hip hop, norwegian",0.17886694444444445
Bobby V.,"rnb, soul, urban, progressive trance",0.1782886111111111
Nico & Vinz,,0.17723416666666666
BluesBiz,blues,0.1764813888888889
Cleo Sol,"soul, rnb, uk, british, neo-soul",0.17641805555555556
Roma Symphony Orchestra,"italy, classical",0.17601944444444445
sanny,,0.175
Zaho de Sagazan,"french, synthpop, chanson, singer-songwriter, france",0.17499
The Kinks,"classic rock, 60s, rock, british, british invasion",0.1747261111111111
America,"classic rock, rock, 70s, soft rock, folk",0.17416944444444443
Cate Le Bon,"female vocalists, folk, singer-songwriter, folktronica, gilbert",0.17374
Mihail,"pop, russian, emo influenced metalcore, romanian",0.17355444444444446
Naïka,"pop, rnb, haiti, dance, haitian",0.17255194444444444
Matchstick Piano Man,"instrumental lullaby, piano cover",0.1724725
EASHA,"indie, pop, singer-songwriter, indie pop, new jersey",0.1707538888888889
Vacations,"indie rock, indie pop, dream pop, indie, soul",0.17056222222222223
Keane,"britpop, indie, british, alternative, rock",0.1704811111111111
Duncan La Barre,,0.1698975
Lissom,"ambient, experimental, electronic, instrumental, piano",0.1698813888888889
Selena Gomez,"pop, female vocalists, disney, pop rock, dance",0.16986361111111112
COMPACT,"romanian, rock, romanian rock, classic rock, easy listening",0.16985166666666668
Cristian Minculescu,,0.16953166666666666
Ryan Gosling,"please let me lick you, canadian, singer-songwriter, actor, canada",0.169085
Ashe,"future garage, trip hop, microhouse, downtempo, ambient house",0.1690386111111111
Stevie Nicks,"female vocalists, classic rock, rock, singer-songwriter, 80s",0.1687863888888889
Blue Foundation,"trip-hop, electronic, chillout, ambient, danish",0.16823722222222223
M!la,,0.16709166666666667
Golden Earring,"classic rock, rock, hard rock, dutch, 70s",0.16682555555555556
Orlando,"eurodance, pop, 90s, electronic, new romantic",0.16629944444444444
Van Morrison,"singer-songwriter, classic rock, folk, blues, rock",0.16605111111111112
ønewin,,0.16603833333333334
Last Call,"pop punk, melodic punk, punk rock, hardcore, melodic hardcore",0.16575472222222223
Bruce Hornsby and the Range,"80s, classic rock, rock, singer-songwriter, pop",0.16547055555555557
4 Non Blondes,"rock, alternative rock, 90s, female vocalists, alternative",0.164185
Grouper,"ambient, drone, shoegaze, experimental, dark ambient",0.1640775
Zedd,"electro house, electronic, house, electro, dubstep",0.16399555555555556
Triathalon,"surf rock, garage rock, indie, usa, lo-fi",0.16312833333333332
Yebba,"soul, rnb, yandex music, arkansas, try",0.16299694444444446
Bobby McFerrin,"jazz, reggae, vocal, a capella, singer-songwriter",0.16244444444444445
hazel,"grunge, portland, indie, alternative rock, 90s",0.16219333333333333
a-ha,"new wave, pop, 80s, synth pop, norwegian",0.16197194444444443
Videoclub,"french, indie, synthpop, france, post-punk",0.16135
Qendresa,"rnb, pop, british, soul, neo-soul",0.16064222222222221
Twisted Sister,"hard rock, heavy metal, hair metal, 80s, rock",0.1602647222222222
The Chordettes,"50s, oldies, female vocalists, pop, doo wop",0.15999583333333334
Wild Painting,"indie, usa, america, american, boston",0.15935944444444444
The Fray,"alternative, rock, piano rock, alternative rock, indie",0.1589077777777778
Isabel LaRosa,"pop, hyperpop, my top songs, spotify, female vocalists",0.15887361111111112
Alek Olsen,"norway, bedroom pop, indie, indie rock, lo-fi",0.15860333333333335
The Bean Tones,"vocal jazz, jazz",0.1583811111111111
The Shins,"indie, indie rock, indie pop, alternative, rock",0.15760333333333335
Icona Pop,"electronic, electropop, swedish, pop, synthpop",0.15727388888888888
Jack Ü,"electronic, trap, dance, edm, american",0.1566297222222222
What's Up,"portland, instrumental, romanian, pop, dance",0.15662
cloudyfield,"alternative rock, german, alternative, shoegaze, nugaze",0.15625194444444446
Lionel Richie,"soul, pop, 80s, rnb, motown",0.15624361111111112
Anne-Marie,"pop, rnb, british, electronic, female vocalists",0.1558225
Charles & Eddie,,0.15533333333333332
DeBarge,"80s, soul, motown, pop, rnb",0.15522222222222223
Cage The Elephant,"indie rock, alternative, rock, indie, punk rock",0.15461222222222223
dopuu,,0.15348444444444445
PARTYNEXTDOOR,"rnb, r&b, hip-hop, soul, canada",0.15288055555555555
Flo Rida,"hip-hop, rap, hip hop, dirty south, southern rap",0.15269388888888888
Carly Rae Jepsen,"pop, canadian, female vocalists, folk, acoustic",0.1523736111111111
Alex Velea,"romanian, rnb, romania, balkan, dance",0.15224361111111112
Empire Of The Sun,"electronic, synthpop, australian, electronica, synth pop",0.1518188888888889
VIOLENT VIRA,"alternative metal, alternative, alternative rock, post-hardcore, nu metal",0.15085666666666667
Kilu,"trance, finnish",0.14998638888888888
Thundercat,"funk, electronic, jazz, soul, psychedelic",0.14954
Chuck Berry,"rock and roll, classic rock, blues, rock n roll, rock",0.1485702777777778
Saja Boys,"k-pop, pop, korean, soundtrack, ost",0.14826666666666666
Fleet Foxes,"folk, indie, folk rock, indie rock, lo-fi",0.14713333333333334
Terror Jr,"pop, electropop, indie pop, electronic, female vocalists",0.14648083333333334
Chet Baker,"jazz, cool jazz, trumpet, vocal jazz, blues",0.14638361111111112
Bogdayum,,0.14620666666666668
Peggy Lee,"jazz, swing, female vocalists, blues, oldies",0.14600722222222223
Soko,"indie, french, female vocalists, singer-songwriter, pop",0.14568111111111112
Anthrax,"thrash metal, heavy metal, speed metal, metal, thrash",0.14567416666666666
Edison Lighthouse,"classic rock, pop, oldies, 70s, 60s",0.14563333333333334
The Five Stairsteps,"soul, funk, rhythm and blues, oldies, northern soul",0.1450538888888889
The Irrepressibles,"chamber pop, cabaret, british, piano, violin",0.1441525
Weezer,"alternative rock, rock, alternative, indie, indie rock",0.14409944444444445
酸月亮 Sour Moon,chinese,0.14359
Edward Chen,"indonesia, indonesian, chinese roots",0.14305777777777778
Bad English,"hard rock, 80s, rock, classic rock, hair metal",0.14302222222222222
Milky,"dance, pop, italian, electronic, techno",0.14269861111111112
Chris de Burgh,"pop, soft rock, 80s, singer-songwriter, rock",0.14249277777777777
Limp Bizkit,"nu metal, rapcore, alternative, rock, metal",0.14058138888888888
Fitz and The Tantrums,"soul, pop, indie, funk, indie pop",0.13949027777777778
Flume,"electronic, chillout, wonky, australian, instrumental hip-hop",0.13904277777777777
Paul Simon,"singer-songwriter, folk, classic rock, acoustic, rock",0.13815166666666667
Køsk Skriner,"chillout, instrumental",0.13812944444444444
Rainbow,"hard rock, classic rock, heavy metal, rock, metal",0.13759416666666666
Kardinal Offishall,"hip-hop, rap, canadian, hip hop, toronto",0.1366961111111111
System Of A Down,"alternative metal, metal, nu metal, rock, alternative",0.13614277777777778
Gotye,"indie, electronic, alternative, australian, aussie",0.13604666666666668
Tove Lo,"pop, swedish, electronic, female vocalists, indie",0.13535055555555556
Portishead,"trip-hop, electronic, female vocalists, chillout, trip hop",0.13522638888888888
Whitney Houston,"pop, soul, female vocalists, rnb, 80s",0.1349725
Dolly Parton,"country, female vocalists, singer-songwriter, folk, bluegrass",0.13461083333333335
Robbie Williams,"pop, britpop, british, rock, male vocalists",0.13374833333333333
The Free Design,"sunshine pop, 60s, baroque pop, pop, easy listening",0.1335661111111111
Britney Spears,"pop, dance, female vocalists, britney spears, legend",0.13350777777777778
Phil Collins,"pop, 80s, rock, classic rock, soft rock",0.13338
i don't like mirrors,"slowcore, instrumental, indie rock, lo-fi, bedroom",0.13333333333333333
Jalen Ngonda,"soul, rnb, usa, reggae, male soul vocalists",0.13234333333333334
Have A Nice Life,"shoegaze, post-rock, drone, experimental, ambient",0.13130444444444445
Christopher Cross,"soft rock, 80s, pop, singer-songwriter, yacht rock",0.13027388888888888
Øneheart,"ambient, electronic, chillout, instrumental, russian",0.1289861111111111
Consequence of Energy,,0.12894277777777777
Doris Day,"jazz, female vocalists, 50s, oldies, easy listening",0.12851944444444444
Jennifer Lopez,"pop, rnb, latin, female vocalists, dance",0.12828111111111112
Jade LeMac,"canadian, pop, canada, queer, my top songs",0.12781833333333334
Smiley,"romanian, pop, dance, rap, reggae",0.12780944444444445
PIggy,"pornogrind, rock, punk, ska, female vocalist",0.12777777777777777
Kelly Clarkson,"pop, female vocalists, pop rock, rock, kelly clarkson",0.12757666666666667
Ella Fitzgerald,"jazz, female vocalists, blues, swing, jazz vocal",0.12743694444444445
Tiffany,"pop, 80s, female vocalists, dance, female",0.12713333333333332
Nelly,"hip-hop, rap, rnb, hip hop, nelly",0.1268
Nicki Minaj,"hip-hop, rap, rnb, pop, hip hop",0.12605166666666667
Kenny Rogers,"country, classic country, kenny rogers, male vocalists, oldies",0.12526305555555556
Gary Tunes,,0.12493138888888888
Rachel Chinouriri,"my top songs, indie pop, pop, singer-songwriter, rnb",0.12402805555555556
The Walters,"indie rock, indie, indie pop, blues rock, my top songs",0.12351805555555556
Stevie Wonder,"soul, funk, motown, pop, rnb",0.12324694444444445
Gilbert O'Sullivan,"pop, 70s, soft rock, singer-songwriter, oldies",0.122985
Bryson Tiller,"rnb, hip-hop, trap, rap, soul",0.12265861111111111
No Doubt,"rock, ska, pop, alternative, female vocalists",0.12205
Marvin Gaye,"soul, funk, motown, rhythm and blues, rnb",0.12181
Memo Boy,"idm, electronic, bedroom pop, breakcore, otto",0.12147444444444444
Yo La Tengo,"indie rock, indie, alternative, indie pop, rock",0.12131083333333334
Paul Anka,"jazz, swing, oldies, canadian, easy listening",0.12094194444444445
berryblue,"synthpop, electronic, usa, indie pop, texas",0.12083638888888888
Jay Rock,"hip-hop, rap, gangsta rap, west coast, west coast rap",0.12048611111111111
The Darkness,"hard rock, glam rock, rock, british, classic rock",0.12025166666666667
21 Savage,"trap, hip-hop, rap, hip hop, atlanta",0.120095
Esha Tewari,"dream pop, indie, indie folk, australian, alt pop",0.12008138888888889
The Daughters Of Eve,"60s, garage rock, garage, girl group, female vocalists",0.12
The Psychedelic Furs,"new wave, post-punk, 80s, alternative, rock",0.11887388888888889
Sam Austins,"rap, hip-hop, trap, indie, detroit",0.11881472222222222
Yot Club,"lo-fi, indie, dream pop, bedroom pop, indie pop",0.11819444444444445
Kygo,"electronic, house, tropical house, chillout, downtempo",0.11805944444444444
The Cars,"new wave, 80s, rock, classic rock, pop",0.11790444444444445
Chase Shakur,"rnb, soul, alternative rnb, hip-hop, atlanta",0.1178075
Aynsley Lister,"blues rock, blues, rock, guitar, british",0.11677416666666667
Bell Biv DeVoe,"rnb, new jack swing, hip-hop, 90s, soul",0.11633805555555556
Orchestral Manoeuvres In The Dark,"new wave, synthpop, 80s, electronic, synth pop",0.11631111111111112
Galantis,"house, electronic, dance, pop, swedish",0.11621277777777778
"IRIS - Cristi Minculescu, Valter & Boro",,0.11602277777777778
KIRBY,"soul, rnb, video game music, electronic, tech house",0.11586666666666667
Maluma,"reggaeton, latin, colombia, pop, latin pop",0.11567861111111111
Crying City,"indie, rock, bedroom rnb, korean dream pop",0.11526555555555555
Amber Run,"indie, rock, indie rock, british, pop rock",0.11477027777777778
London Grammar,"indie pop, electronic, indie, female vocalists, british",0.11384055555555556
LBI利比,"chinese, pop, rnb, hip-hop, mandopop",0.11325638888888889
The Human League,"new wave, synthpop, 80s, electronic, synth pop",0.11298027777777778
Laura Stoica,"romanian-rock, rock, female vocalists, pop, 90s",0.11247277777777778
Jesse®,"indie, pop, alternative, hip hop, jesse rutherford",0.11242416666666667
Timbaland,"hip-hop, rnb, rap, pop, hip hop",0.11220027777777777
KT Tunstall,"female vocalists, singer-songwriter, pop, indie, alternative",0.11205888888888889
Jimmy Clanton,"oldies, 60s, 50s, rock and roll, country",0.11199555555555556
sorry idk,,0.110345
Alexandra Riddell,,0.10945611111111112
Jonas Blue,"electronic, house, british, tropical house, dance",0.10883083333333333
Jamelia,"rnb, pop, female vocalists, british, dance",0.10882888888888889
Blind Monkey,,0.10863
Kesha,"pop, dance, electropop, female vocalists, electronic",0.10813277777777777
Erik Satie,"classical, piano, impressionist, french, composers",0.10768583333333333
Tomoki Hasegawa,"japanese, soundtrack, anime, composer, instrumental",0.10758444444444444
Sweet Boy,"slowcore, lo-fi indie, indie rock, alternative, south korea",0.10733277777777778
Corina,"freestyle, classic freestyle, latin freestyle, female vocalists, 90s",0.10640222222222222
Joe P,"indie rock, new jersey, indie pop, usa, united states",0.10632833333333333
The Crystals,"60s, pop, soul, oldies, female vocalists",0.10593666666666667
Cocteau Twins,"dream pop, shoegaze, post-punk, ethereal, alternative",0.10502222222222223
Selena Gomez & The Scene,,0.10469611111111111
Ritchie Valens,"rock and roll, 50s, rockabilly, oldies, rock",0.10463666666666667
Simple Minds,"new wave, 80s, rock, pop, alternative",0.10446055555555556
THE ANXIETY,"indie rock, alternative, indie, alternative rock, female vocalists",0.10433611111111112
Alb Negru,"beautiful, soft rock, pop rock, romanian, alb negru",0.10431833333333333
Duster,"slowcore, space rock, shoegaze, indie rock, drone rock",0.10403722222222223
The Beach Boys,"classic rock, 60s, pop, surf, rock",0.10381777777777777
Nat King Cole Trio,"jazz, swing, blues, 60s, vocal",0.10363694444444445
Alduts Sherdley,"rap, hip hop, lofi, lo fi, romanian rap",0.10344805555555556
Antonio Roberto,,0.10292555555555556
Bryant Barnes,"rnb, usa, alternative rnb, singer-songwriter, neo-soul",0.10253333333333334
VUNK,"punk, romanian, rock, pop rock, coldplay wannabes",0.10223388888888889
Latimore,"soul, funk, rhythm and blues, rnb, southern soul",0.10222722222222222
Becky G,"pop, female vocalists, rap, hip-hop, latin",0.10163083333333334
Steve Conway,uk,0.10154333333333333
Jonas Brothers,"pop, pop rock, disney, rock, pop punk",0.10111861111111112
Johnny Cash,"country, folk, singer-songwriter, classic rock, rock",0.0993775
Pangeaux,"indie, hip hop, kentucky, electronic",0.09807055555555555
HEALTH,"noise rock, experimental, noise, post-punk, indie",0.097915
Buzzcocks,"punk, punk rock, british, new wave, rock",0.09776277777777778
Charles Aznavour,"french, chanson francaise, chanson, jazz, francais",0.09772944444444444
Boyz II Men,"rnb, soul, 90s, pop, r and b",0.09762972222222223
Kevin Morby,"folk, singer-songwriter, lo-fi, indie, folk rock",0.097425
Ava Max,"pop, electropop, female vocalists, american, dance-pop",0.09731972222222222
Yel,"trance, korean, indie, singer-songwriter, retro",0.09708444444444445
Little Beaver,"funk, soul, all, 70s, soul jazz records",0.0968575
Yehezkel Raz,"ambient, instrumental, israel, minimal, piano",0.096555
Ark Patrol,"electronic, trap, beats, ambient, chillwave",0.09643972222222222
Joey Bada$$,"hip-hop, rap, underground hip-hop, hip hop, new york",0.0963275
Ethel Ennis,"jazz, vocal jazz, 50s, usa, vocal",0.09631111111111111
Kabarnos,"orthodox, byzantine, greek, spiritual, chant",0.09567444444444445
Ethel Cain,"dream pop, slowcore, ambient, dark ambient, singer-songwriter",0.09565111111111112
S0SA,,0.09491722222222222
Calinacho,"romania, rap, rnb, rhythm and blues, trap",0.09421333333333333
Gerry Rafferty,"classic rock, singer-songwriter, soft rock, rock, 70s",0.09403527777777777
Macklemore,"hip-hop, rap, underground rap, hip hop, seattle",0.09387083333333333
my head is empty,"ambient, instrumental, electronic, usa, lo-fi",0.0936286111111111
Jung Kook,"k-pop, pop, korean, bts, jungkook",0.09276944444444445
Voltaj,"romanian, rock, eurovision, heavy metal, romania",0.09256361111111111
RANDI,"romanian, male vocalists, dance, pop, talent",0.0917411111111111
The Temptations,"soul, motown, funk, oldies, rnb",0.09166666666666666
Trooper,"heavy metal, rock, canadian, romanian, classic rock",0.09126888888888889
Ugly Kid Joe,"hard rock, rock, alternative rock, 90s, metal",0.09062527777777778
KIDS SEE GHOSTS,"hip-hop, rap, hip hop, experimental hip hop, pop rap",0.09018722222222222
Portugal. The Man,"experimental, indie, indie rock, progressive, rock",0.09005111111111111
Mysie,"indie pop, electronic, darkwave, experimental, uk",0.09
JD Allen,"jazz, saxophone, free jazz, usa, america",0.08958194444444445
Danny Grissett,"contemporary jazz, jazz, piano, jazz piano, pianists",0.08922222222222222
Duke Ellington,"jazz, swing, big band, piano, blues",0.08881472222222223
Albert Collins,"blues, blues rock, guitar, classic rock, rock",0.08856666666666667
Brigitte Bardot,"french, 60s, female vocalists, ye-ye, french pop",0.08850833333333333
丁禹兮,"chinese, soundtrack, ost, china, actor",0.08850222222222222
Melvin Taylor,"blues, guitar, singer-songwriter, blues-rock, guitar virtuoso",0.0880925
Skeeter Davis,"60s, country, female vocalists, pop, oldies",0.08768888888888889
Flatsound,"lo-fi, ambient, indie, indie folk, bedroom",0.08736111111111111
RUMI,"hip-hop, japanese, abstract hip-hop, rap, experimental",0.08724916666666667
Counting Crows,"rock, alternative rock, alternative, 90s, pop",0.08715694444444444
Shudder To Think,"post-hardcore, indie rock, alternative, alternative rock, rock",0.08651972222222222
Jon Bon Jovi,"rock, hard rock, classic rock, 80s, bon jovi",0.08608638888888889
Zabawa,"indie, usa",0.08585555555555556
Esther Yu,"chinese, pop, upcoming album 2023, female vocalists, rutracker",0.08550277777777777
Love Spirals Downwards,"ethereal, dream pop, shoegaze, darkwave, ambient",0.08547611111111111
Michael Cera,"lo-fi, folk, indie, alternative, canadian",0.08531305555555556
Connect-R,"dance, romanian, rnb, spotify, connect-r",0.08519166666666667
Kodaline,"indie rock, irish, alternative, indie, acoustic",0.08492972222222223
Kodak Black,"trap, rap, hip-hop, hip hop, florida",0.08374555555555556
bel canto,"dream pop, ethereal, electronic, norwegian, female vocalists",0.0836
Redbone,"classic rock, rock, 70s, funk, oldies",0.08338888888888889
Floyd Lee & His Mean Blues Band,,0.08332583333333334
Ricky and The Juju Keys,,0.0831725
Oleta Adams,"soul, female vocalists, jazz, pop, folk",0.0830811111111111
Rockwell,"drum and bass, pop, 80s, electronic, dnb",0.08301861111111111
Indila,"french, pop, female vocalist, female vocalists, indie",0.08277027777777778
Sickick,"electronic, rap, dance, hip-hop, canadian",0.08273583333333333
Bonnie Tyler,"pop, 80s, female vocalists, rock, classic rock",0.08264027777777777
Françoise Hardy,"french, female vocalists, 60s, chanson, french pop",0.08250388888888889
03 Greedo,"rap, hip hop, hip-hop, west coast, california",0.08229027777777778
The Bobby Fuller Four,"classic rock, rock and roll, 60s, rock, surf",0.08207472222222222
Brandon Sanders,"jazz, funk_add_to_lidarr_batch_4",0.08188138888888889
Emberwaves,,0.08180722222222223
Eddie Fisher,"50s, jazz, easy listening, eddie fisher, pop",0.08164472222222222
Harry Bloom,"singer songwriter, acoustic, sofar sounds, obscuresqism",0.0816275
F3miii,"indie pop, electronic, alternative rnb, irish",0.08156444444444444
Jimi Hendrix,"classic rock, rock, blues, psychedelic, guitar",0.08142944444444444
Napolia,,0.08137944444444445
Rae Sremmurd,"hip-hop, rap, hip hop, trap, urban",0.08108138888888888
Lupe Fiasco,"hip-hop, rap, hip hop, underground hip-hop, chicago",0.08027777777777778
Lloyd Vaan,"trance, psychedelic, indie, electronic, argentina",0.07996527777777777
Roberta Flack,"soul, female vocalists, jazz, 70s, rnb",0.0797
Slipknot,"nu metal, metal, heavy metal, nu-metal, rock",0.07958222222222222
Pusha T,"hip-hop, rap, hip hop, east coast, gangsta rap",0.07938138888888889
白敬亭,china,0.07917361111111111
XXXTENTACION,"hip-hop, rap, cloud rap, trap, emo rap",0.07893555555555555
will.i.am,"hip-hop, rap, rnb, funk, hip hop",0.07872222222222222
The Jackson 5,"soul, motown, pop, funk, 70s",0.07848194444444444
Nuanțe,"rock, romanian",0.07818666666666667
Alex Helsby,,0.07807055555555556
The White Stripes,"rock, alternative rock, alternative, indie, indie rock",0.07787694444444444
James Armstrong,"blues, blues rock, rhythm and blues, guitar, electric blues",0.07775555555555555
George Harrison,"classic rock, rock, singer-songwriter, british, pop",0.07759694444444444
Hisohkah,"lo-fi hip hop, instrumental, instrumental hip-hop, usa, lo-fi hip-hop",0.07756444444444445
The Little Dippers,"pop, 60s, oldies, usa, 1960s",0.07717777777777778
Dominic Fike,"indie, indie pop, pop, alternative, american",0.07679583333333333
Starstrum,,0.07664805555555555
novi quiet,,0.07621416666666667
Semisonic,"alternative rock, rock, alternative, 90s, indie",0.07615555555555556
王奕珂,,0.07593777777777778
Forajida,,0.07591
The Pussycat Dolls,"pop, rnb, dance, female vocalists, hip-hop",0.07557777777777777
Berlin,"new wave, 80s, pop, synth pop, female vocalists",0.07554
ROSÉ,"rosé, pop, k-pop, korean, rose",0.07551305555555556
James Vincent McMorrow,"folk, singer-songwriter, indie, irish, indie folk",0.07539027777777778
Destiny's Child,"rnb, pop, female vocalists, soul, hip-hop",0.07537027777777777
Florence + The Machine,,0.07527027777777778
Lucky Lorry,,0.07495972222222222
GloRilla,"rap, hip-hop, trap, hip hop, memphis",0.07494222222222222
John Waite,"80s, rock, soft rock, classic rock, pop",0.07493333333333334
Snorre Kirk,jazz,0.07489
AnnenMayKantereit,"german, indie, deutsch, singer-songwriter, rock",0.07481472222222223
The American Dawn,"dream pop, indie pop",0.07481277777777778
Kate Bush,"female vocalists, singer-songwriter, pop, alternative, 80s",0.07474055555555556
TWICE,"k-pop, kpop, korean, pop, girl group",0.07468388888888888
j-hope,"k-pop, hip-hop, korean, rap, bts",0.0746436111111111
Saint Etienne,"electronic, indie pop, pop, female vocalists, indie",0.07436388888888888
Florian Rus,"romania, romanian",0.07435638888888889
Go West,"80s, pop, new wave, soft rock, rock",0.07411111111111111
Steve Miller Band,"classic rock, rock, 70s, psychedelic, 80s",0.07347305555555556
XTC,"new wave, post-punk, 80s, pop, alternative",0.07333361111111111
Robin Thicke,"soul, rnb, pop, singer-songwriter, blue-eyed soul",0.073285
Rusted Root,"alternative, jam, rock, indie, acoustic rock",0.07314805555555555
Justine Skye,"rnb, pop, soul, brooklyn, hip-hop",0.07297361111111111
Diana Panton,"jazz, vocal jazz, canadian, female vocalists, fmera jazz",0.07267388888888889
The Kid LAROI,"hip-hop, rap, emo rap, australian, trap",0.07248638888888889
Eddie Rabbitt,"country, 80s, pop, male vocalists, american",0.07246305555555556
Roy Williams,roy williams,0.07208166666666667
Alice In Chains,"grunge, alternative rock, rock, hard rock, alternative",0.072
Daughter,"indie, indie folk, female vocalists, acoustic, british",0.07194055555555555
A Boogie Wit da Hoodie,"hip-hop, rap, hip hop, trap, melodic rap",0.07156472222222222
Commodores,"soul, funk, 70s, motown, rnb",0.07122972222222222
Gary Wright,"classic rock, rock, 70s, pop, soft rock",0.07115916666666666
P.M. Dawn,"hip-hop, soul, 90s, rap, hip hop",0.07087777777777778
John Ember,,0.07086944444444444
Gene Kelly,"jazz, soundtrack, oldies, musical, musicals",0.07086333333333333
Linkin Park,"nu metal, rock, alternative rock, alternative, metal",0.07085194444444444
Elias,"swedish, rock, canadian, alternative, indie",0.07055916666666667
嚴藝丹,"pop, c-pop, cpop, asian, asian pop",0.07055555555555555
Moby,"electronic, ambient, chillout, alternative, electronica",0.07055555555555555
Ginuwine,"rnb, soul, ginuwine, 90s, hip-hop",0.06992583333333334
Vlad Holiday,"indie, shoegaze, dream pop, ambient, indie pop",0.06962916666666667
Harry Allen,"jazz, saxophone, jazz saxophone, instrumental, usa",0.06954555555555555
Chaka Khan,"soul, funk, female vocalists, 80s, rnb",0.06933333333333333
Journey,"classic rock, rock, hard rock, 80s, progressive rock",0.06933333333333333
Peachy!,"lo-fi, bedroom pop, indie, hip-hop, chillhop",0.06888888888888889
Eartha Kitt,"jazz, female vocalists, soul, lounge, diva",0.06862972222222222
Princess Chelsea,"indie, indie pop, female vocalists, new zealand, pop",0.06854944444444444
Black Pumas,"soul, rnb, rock, psychedelic soul, blues",0.06849638888888888
George Duning Orchestra,,0.0684363888888889
boyfrunt,,0.06826
Erykah Badu,"soul, neo-soul, female vocalists, rnb, jazz",0.06793333333333333
Dominick Farinacci,"jazz, smooth jazz, jazz-trumpet",0.06791222222222222
Vansire,"dream pop, indie pop, lo-fi, indie, bedroom pop",0.06751472222222223
Drowz,,0.06750555555555555
Nat & Alex Wolff,,0.06742555555555556
Coyote Theory,"indie rock, indie, rock, jazz, animals",0.067225
Vescan,"romanian, hip hop, rap, hip-hop, underground hip-hop",0.06718694444444444
Francis Lai,"soundtrack, instrumental, french, all, piano",0.06714222222222223
Coolio,"rap, hip-hop, 90s, hip hop, west coast rap",0.06685916666666666
Foy Vance,"folk, singer-songwriter, indie, acoustic, irish",0.06684361111111112
The Saxophones,"slowcore, folk, dream pop, indie pop, indie folk",0.06678611111111112
Kio,"deathcore, reggaeton",0.06677416666666666
Eyedress,"electronic, psychedelic, indie, experimental, lo-fi",0.06668083333333333
Crispy脆樂團,"taiwanese, indie pop, taiwan, c-pop, mandopop",0.06666666666666667
Frankie Avalon,"oldies, 50s, 60s, pop, bubblegum",0.06664055555555555
PSY,"k-pop, korean, pop, hip-hop, psy",0.0666386111111111
Skizzo Skillz,"hip-hop, romanian, hip hop, pierdevara, romanian hip hop",0.06663444444444444
Frankie Valli & The Four Seasons,,0.06643805555555556
Valahia,"pop, ballad, romanian, duo, preselection",0.06620416666666666
Selwyn Birchwood,"blues, blues rock, contemporary blues, usa, american",0.06574444444444444
Macklemore & Ryan Lewis,,0.06544805555555555
Shaggy,"reggae, dancehall, hip-hop, pop, rnb",0.06531472222222222
Dr. Dog,"indie, indie rock, lo-fi, indie pop, alternative",0.06522222222222222
Generation X,"punk, punk rock, new wave, british, british punk",0.06518333333333333
French Montana,"hip-hop, rap, hip hop, trap, trap rap",0.0649725
The Buttress,"horrorcore, underground hip-hop, hip-hop, american, hardcore hip hop",0.06476194444444444
Florist,"indie pop, lo-fi, folk, indie folk, pop",0.06473972222222223
Hoobastank,"alternative rock, rock, alternative, punk rock, punk",0.06466666666666666
The Hollies,"60s, classic rock, british, rock, oldies",0.06441916666666667
Mishaal Tamer,"saudi arabia, saudi, saudiarabia, alternative",0.06424861111111112
Jason Werkman,,0.06401444444444444
Eve,"hip-hop, rap, female vocalists, rnb, hip hop",0.06392583333333333
The Front Bottoms,"folk, acoustic, indie, indie rock, emo",0.06387027777777778
Maximilian,"hip-hop, romanian, rap, hip hop, indie-folk",0.06374805555555556
赵磊,"chinese, china, cpop, r1se",0.06372555555555555
Etta Jones,"jazz, female vocalists, jazz vocal, vocal jazz, need to rate",0.06343333333333333
Caroline Loeb,"pop, france, french, 80s, female vocalist",0.06338527777777778
Million Eyes,"piano, ambient, folk, instrumental, japanese",0.0632786111111111
Luis Miguel,"latin, boleros, spanish, baladas, pop",0.06291472222222222
Dan Bittman,"eurovision, ballad, eurovision song contest, romanian, romania eurovision representatives",0.06262638888888888
郑润泽,,0.062213333333333336
Sonny & Cher,"electronic, pop, electro, alternative, electronica",0.06218527777777778
Liam Callahan,,0.06218194444444444
Sunglasses Kid,"synthwave, synthpop, electronic, retro electro, british",0.06189027777777778
Brain Waves Therapy,,0.061720555555555556
Hz Frequency Zone,,0.06088472222222222
Robin Schulz,"electronic, dance, german, minimal, electro",0.060845277777777776
Antonia,"dance, romanian, pop, female vocalists, romania",0.0605675
Marian Hill,"electronic, pop, jazz, chillout, female vocalists",0.060448055555555553
Vance Joy,"folk, indie, australian, singer-songwriter, acoustic",0.06025361111111111
John Travolta,"soundtrack, pop, oldies, 70s, grease",0.06025166666666667
Alexandra Streliski,"piano, instrumental, all, classical, piano solo",0.05984833333333334
刘浩存,"chinese, china",0.05977222222222222
Diplo,"electronic, hip-hop, trip-hop, ninja tune, electronica",0.059705
Alvedon,"ambient, instrumental, anbient, sweden",0.05960777777777778
E-An-Na,"folk metal, romanian, romania, metal, folk",0.05937166666666667
Cassie,"rnb, pop, female vocalists, hip-hop, dance",0.05930361111111111
Puya,"rapcore, nu metal, alternative metal, salsa metal, metal",0.05928805555555555
Sam Burchfield,"folk, americana, singer-songwriter, bluegrass, indie folk",0.059185
4*TOWN (From Disney and Pixar’s Turning Red),"fictional, pop, disney, electropop, canada",0.05909944444444445
yeule,"ambient pop, electronic, chillwave, glitch pop, synthpop",0.059097222222222225
Aya Nakamura,"rnb, pop, french, mali, hip-hop",0.05899472222222222
Eddie Money,"classic rock, rock, 80s, pop rock, pop",0.05874055555555555
Boldy James,"rap, hip hop, detroit, hip-hop, gangsta rap",0.058685
Hans Ulrik,"jazz, saxophone, danish, nordic, contemporary jazz",0.058568055555555554
The Melachrino Strings and Orchestra,,0.05842805555555555
Kings of Leon,"rock, indie, indie rock, alternative, southern rock",0.05837027777777778
Shye,"folktronica, ambient, singapore, indietronica, field recordings",0.058333333333333334
Copenhagen Jazzexperience,jazz,0.05826055555555556
Joey Fatts,"rap, hip-hop, los angeles, underground rap, trap",0.058222222222222224
The Pierces,"indie, female vocalists, folk-rock, alternative, singer-songwriters",0.05816416666666667
Starz,"hard rock, rock, glam rock, classic rock, heavy metal",0.05780305555555556
Catherine Russell,"jazz, female vocalists, jazzvocal, vocal jazz, catherine russell",0.057403611111111114
Cash Cash,"powerpop, electronic, pop, electronica, new wave",0.05731111111111111
Elour,,0.05731
Bon Entendeur,"electronic, france, french, indietronica, french touch",0.057251111111111114
Rick Astley,"pop, 80s, rickroll, dance, best act ever",0.0570925
Morandi,"dance, pop, electronic, romanian, club",0.056918333333333335
Amaarae,"rnb, afrobeats, alternative rnb, ghana, pop",0.05687861111111111
Zwette,"german, house, deep, germany, tropical house",0.05652527777777778
Panchiko,"indie rock, shoegaze, lo-fi, dream pop, indie",0.05649111111111111
Axwell /\ Ingrosso,,0.05638888888888889
Gesaffelstein,"techno, electronic, electro, tech house, new wave",0.05613694444444445
Miley Cyrus,"pop, female vocalists, dance, disney, guilty pleasure",0.05612944444444445
Charles Trenet,"french, chanson francaise, chanson, jazz, francais",0.05606666666666667
Harold Melvin & The Blue Notes,,0.055856666666666666
Enrique Iglesias,"pop, latin, spanish, dance, latin pop",0.05547027777777778
Clara Smallman,,0.055405555555555555
The Wanted,"pop, british, garage rock, the wanted, male vocalists",0.05524972222222222
Modern Baseball,"emo, pop punk, indie, punk, indie rock",0.055219722222222226
Jden Ray,,0.05514388888888889
Mike Posner,"hip-hop, rnb, pop, rap, electro hop",0.05498138888888889
mxmtoon,"indie pop, pop, indie, my top songs, lo-fi",0.05498138888888889
Perry Como,"jazz, oldies, 50s, easy listening, male vocalists",0.05474805555555556
Firefall,"classic rock, 70s, rock, soft rock, american",0.0546925
Paolo Fresu,"jazz, trumpet, contemporary jazz, italian, italian jazz",0.054614722222222224
David Guetta,"house, dance, electronic, club, techno",0.05440361111111111
Bebe Rexha,"pop, female vocalists, electronic, singer-songwriter, alternative",0.054310833333333336
The Infamists,,0.0541275
Grupo Frontera,"norteno, latin, rnb, mexico, musica mexicana",0.054045277777777775
Mareux,"darkwave, synthpop, coldwave, electronic, chillwave",0.05400638888888889
Serene Skies,,0.05392388888888889
The Cardigans,"pop, rock, female vocalists, swedish, alternative",0.05387583333333333
Ray Hou,,0.053845555555555556
Ravndala,,0.053706666666666666
Bibi Flash,"france, 80s, french, funk, canada",0.05360111111111111
Johnny Hates Jazz,"80s, pop, new wave, british, soft rock",0.05353
Anajay,,0.05341527777777778
Pinegrove,"indie rock, alt-country, indie, emo, midwest emo",0.053276944444444446
The Ink Spots,"jazz, swing, 40s, vocal jazz, oldies",0.053240555555555555
alan vuong,"rnb, california, united states",0.05319861111111111
Imany,"soul, jazz, folk, french, singer-songwriter",0.05315555555555555
Bere Gratis,"romanian, rock, alternative rock, live, pop-rock",0.05308472222222222
Tommy Dorsey,"jazz, swing, big band, trombone, 40s",0.05284055555555556
Dinah Shore,"jazz, female vocalists, swing, oldies, jazz vocal",0.05277777777777778
Gary Jules,"singer-songwriter, indie, acoustic, alternative, rock",0.05264083333333333
Delukelele,,0.05261027777777778
The Clash,"punk, punk rock, british, rock, classic rock",0.05249611111111111
Pernice Brothers,"indie pop, indie, indie rock, chamber pop, alternative",0.052255555555555555
W.A.S.P.,"heavy metal, hard rock, hair metal, 80s, metal",0.05208138888888889
JM303,,0.052066666666666664
SALES,"lo-fi, indie, indie pop, minimal rock, dream pop",0.05203694444444444
xjanaile,,0.05178805555555555
Gibran Alcocer,"mexico, mexican, yucatan, piano, pianist",0.05168444444444444
MeloMance,"korean, ballad, ost, indie, k-indie",0.05157027777777778
DJ Project,"dance, romanian, trance, house, eurodance",0.0512075
Bonjr,"angola, ambient, electronic, instrumental, lofi",0.05119055555555556
Le Tigre,"electronic, indie, riot grrrl, female vocalists, alternative",0.05093472222222222
Lil Uzi Vert,"trap, hip-hop, rap, emo rap, pop rap",0.05075166666666667
Ted Nugent,"hard rock, classic rock, rock, 70s, heavy metal",0.05046083333333334
maxonXO,,0.05042138888888889
M83,"electronic, shoegaze, post-rock, indie, electronica",0.050355555555555556
R.E.M.,"rock, alternative rock, alternative, indie, pop",0.05035222222222222
Supergrass,"britpop, indie, british, rock, alternative",0.05035166666666667
Yaelokre,"neofolk, folk, my top songs, filipino, autumn",0.05025638888888889
J. Yolo,"reggae, pop, rnb, hip hop, california",0.05025166666666667
Essosa,"rnb, soul, british, trip hop, alternative rnb",0.050203333333333336
OMI,"reggae, electronic, hardcore, dance, jamaican",0.05015694444444444
Orleans,"classic rock, soft rock, 70s, rock, pop",0.050133333333333335
"Crosby, Stills, Nash & Young",,0.049933333333333337
Franz Gordon,"piano, jazz, swedish, instrumental",0.049917222222222224
YUNGBOI GOTHIC,,0.04972222222222222
Fréro Delavega,"pop, french, all, france, french male vocalists",0.04971861111111111
Византийский Хор Аксион Естин,,0.049681388888888886
Barbara Mason,"soul, female vocalists, funk, 60s, r and b",0.04946305555555556
Chance Peña,"folk, singer-songwriter, on some dark shit, usa, texas",0.049335833333333336
Mild High Club,"psychedelic pop, psychedelic, neo-psychedelia, lo-fi, jazz",0.04930361111111111
GoldLink,"electronic, rap, hip-hop, hip hop, rnb",0.04908388888888889
The Turtles,"60s, classic rock, rock, oldies, pop",0.04897027777777778
Hurtinglow,,0.048841944444444445
Nicholas Britell,"soundtrack, classical, composer, usa, film score",0.048820277777777775
Hana Stretton,"ambient, folk, psychedelic folk, lo-fi, indie folk",0.048794166666666666
The Drums,"indie, indie rock, indie pop, surf rock, pop",0.048778055555555554
Tainy,"reggaeton, latin, puerto rico, pop, producer",0.04866444444444445
Camille Saint-Saëns,"classical, romantic, french, composer, composers",0.048425833333333335
FIFTY FIFTY,"k-pop, pop, korean, kpop, boycott",0.048183611111111115
Powfu,"hip-hop, lo-fi, emo rap, rap, indie",0.048148055555555555
Equilibrium,"folk metal, viking metal, pagan metal, german, metal",0.047503611111111115
Elmore James,"blues, chicago blues, delta blues, classic blues, jazz",0.04729277777777778
Kay Starr,"jazz, female vocalists, swing, 50s, jazz vocal",0.04719638888888889
Erroll Garner,"jazz, jazz piano, piano, swing, instrumental",0.04704805555555556
Byron Messia,"saint kitts and nevis, dancehall, reggae, jamaica, afrobeats",0.04699861111111111
John Legend,"soul, rnb, neo-soul, singer-songwriter, hip-hop",0.04696416666666667
Sok Baraby,,0.046898333333333334
Josef Briem,,0.046816944444444446
The Handsome Family,"alt-country, folk, country, americana, southern gothic",0.04672972222222222
Kado,"italo disco, pop rap",0.04661833333333333
James Brown & The Famous Flames,,0.0464925
Natalie Imbruglia,"pop, female vocalists, australian, singer-songwriter, rock",0.046178055555555556
Mötley Crüe,"hard rock, heavy metal, hair metal, 80s, rock",0.04611638888888889
the bird and the bee,"indie, electronic, female vocalists, indie pop, chillout",0.046
Wishing,"rare sad boy, lo-fi, bedroom pop, indie, rare sads",0.045553611111111114
Flicka Roe,,0.04553
Melvin Barker,,0.04545444444444444
Dreams Ahead,,0.045322777777777774
Bruno Major,"soul, rnb, british, pop, singer-songwriter",0.04522138888888889
Lyn Lapid,"pop, indie pop, dream pop, singer-songwriter, indie",0.045220555555555556
Cipher,"hardcore, ambient, metalcore, post-punk, new wave",0.04493361111111111
Benny Goodman Sextet,"jazz, swing, bebop, contemporary jazz, sextet",0.04491388888888889
Sarah Cothran,"pop, usa, us, american, estados unidos",0.04489222222222222
pxlse.,"ambient, chillout, usa, instrumental, germany",0.04484833333333333
Ley Soul,"neo-soul, soul, rnb, indie, chicago",0.044582222222222224
Rich Amiri,"rap, plugg, rage, trap, hip-hop",0.04451111111111111
Doechii,"rap, hip-hop, rnb, hip hop, pop rap",0.04432944444444444
Mario ,,0.04430277777777778
Love Fades,,0.04428777777777778
Evolutio Cosmica,,0.04426722222222222
Marshmello,"electronic, dance, edm, trap, pop",0.044159444444444446
Margo Guryan,"60s, sunshine pop, pop, psychedelic, female vocalists",0.04397
The Vocaleers,"doo wop, oldies, rnb, rock and roll, the vitamin b12",0.0436725
Shiloh Dynasty,"lo-fi, indie, american, usa, remix",0.04366833333333334
Meu Malu,,0.04355861111111111
sweetboiTendo,,0.04327472222222222
Cherries & Daydreams,,0.04310722222222222
Nina Simone,"jazz, soul, blues, female vocalists, vocal jazz",0.043063055555555556
Ciel,"electronic, house, japanese, uk, female vocalists",0.042862222222222225
Buffalo Springfield,"classic rock, folk rock, 60s, rock, folk",0.0426925
Valedictorian,hip-hop,0.04265027777777778
A.S.I.A,"romanian, dance, pop, girl group, 00s",0.042647222222222225
Ermal Meta,"pop, italian, italy, singer-songwriter, albania",0.04255027777777778
Cosmologica,,0.04243555555555555
Yeat,"trap, rap, cloud rap, rage, plugg",0.04237027777777778
Andy Williams,"oldies, 60s, pop, easy listening, male vocalists",0.04220361111111111
Tzanca Uraganu,"manele, romanian",0.042180555555555554
Rough 'n Tumble,,0.04215972222222222
Saint Privat,"bossa nova, downtempo, lounge, female vocalists, smoothly sexy sounding",0.042154166666666666
Koma,"thrash metal, metal, hardcore, rap, spanish",0.04188027777777778
Paperboy Fabe,"soul, electronic, rnb, united states, funk_add_to_lidarr_batch_21",0.04176666666666667
Dani Mocanu,"romanian pop, romanian, manea, manele",0.04173305555555556
René Cloërec,"50s, french",0.04167388888888889
Inzano,,0.04155388888888889
Alexandra Stan,"pop, dance, house, romanian, electronic",0.04154055555555555
Traviamo,,0.041500833333333334
Hank Sky,,0.04133666666666667
John Williams,"soundtrack, classical, instrumental, composers, star wars",0.04133333333333333
Ygor Ghensev,,0.04125
Dear Amore,,0.04118416666666667
Mists in citys,,0.04097222222222222
Flawed Mangoes,"math rock, shoegaze, indie, ambient, indie rock",0.04086027777777778
Quiet Riot,"heavy metal, hard rock, hair metal, rock, metal",0.04064472222222222
Pedro Capó,"puerto rico, pop, singer-songwriter, latin, latino",0.040551111111111114
Pireas,,0.04047972222222222
Ares,"melodic death metal, hip-hop, nederhop, dutch, korean",0.040419722222222225
The Yené,,0.040391666666666666
Santo & Johnny,,0.040370277777777776
League Minimum,,0.04013333333333333
All the World,,0.04010388888888889
Noah Moon,,0.040059444444444446
Louaminé,,0.03996444444444444
Cowboy Malfoy,"australian, singer-songwriter, indie pop, queer",0.039862777777777775
Lany Mokita,,0.039781944444444446
Lost storys,,0.039703888888888886
Maple Star,,0.039648055555555554
Ryan Castro,"reggaeton, latin, colombia, pop, reggaeton colombiano",0.03958333333333333
Lil Peep,"cloud rap, emo rap, rap, hip-hop, emo",0.03944444444444444
Veda Orion,,0.039358055555555556
Sidewalks and Skeletons,"witch house, electronic, dark ambient, newbreed, darkwave",0.039344444444444446
Charlie Blue,,0.039321944444444444
Ólafur Apollo,,0.03928555555555555
The Channels,"doo wop, oldies, all, rock, indie pop",0.03925861111111111
August Sands,,0.039240555555555556
Rhylo,,0.03914694444444444
Arnar Egilsson,,0.0390725
Theo Ember,,0.03904388888888889
Francis On My Mind,"indie pop, electronic, romanian, indie, pop",0.038974166666666664
Elysar,,0.03890861111111111
Not for Radio,"dream pop, indie pop, bedroom pop, psychedelic, female vocalist",0.03886222222222222
Karamel Kel,"instrumental hip-hop, american, chillhop, united states, boston",0.038816944444444446
The Poni-Tails,"female vocalists, oldies, pop, girl group, 50s",0.038614722222222224
Astra,"progressive rock, psychedelic rock, progressive metal, stoner rock, psychedelic",0.03855
Tír na nÓg,"11, progressive rock, psychedelic folk, progressive folk, irish progressive folk",0.03840361111111111
Alex Blackwood,,0.03837444444444445
Simone,"mpb, samba, schlager, pop, brazilian",0.038288055555555554
Monaldin,"pop, electronic, kazakh, producer",0.03828444444444445
Foster Zeta,,0.037850555555555554
amaron,,0.03782888888888889
Richome,ambient,0.037725
Genevieve Stokes,"my top songs, indie, indie pop, alternative, united states",0.0374625
William Reed,,0.03744444444444445
Far & Beyond,,0.03739666666666667
KUN,"chinese, instrumental, neoclassical, experimental, cpop",0.0373925
Damien Kaplan,,0.037333333333333336
Stellar Luminous,"chillout, instrumental",0.03732861111111111
Ebony Loren,"indie pop, soul, rnb, jazz, alternative rnb",0.03731305555555556
Aiden Archer,,0.03726611111111111
wayfie,,0.03710722222222222
Brian Hyland,"oldies, 60s, pop, male vocalists, american",0.0371
vagabond,"hard rock, norwegian, progressive rock, heavy metal, jazz",0.03709666666666667
Young Nudy,"rap, trap, hip-hop, hip hop, gangsta rap",0.03703
The Still Hour,"hardcore, post-hardcore",0.037026666666666666
Aerosmith,"hard rock, classic rock, rock, 80s, 70s",0.03690416666666667
Selren,,0.03683555555555556
Oblivion,"death metal, technical death metal, melodic death metal, thrash metal, hardcore",0.03673694444444445
Anya Nami,"indie, pop, experimental, russian, international",0.0367025
Snowdrift Sleighs,,0.03666666666666667
kili,,0.036621666666666663
Lumen Atlas,,0.036589166666666666
Pete McMurray,,0.03632111111111111
The Crane Wives,"folk, indie folk, blues, indie, michigan",0.03630638888888889
AtmoLife,,0.03628777777777778
Astral Reunion,,0.03625
Midrift,"shoegaze, slowcore, post-hardcore, alternative, lo-fi",0.036150555555555554
Teyio River,,0.03612055555555556
The Excellents,"doo wop, all, 60s, new york, oldies",0.0360925
Eden,"ethereal, electronic, progressive rock, ambient, darkwave",0.03594666666666667
Korn,"nu metal, metal, alternative, rock, nu-metal",0.03593944444444445
TileKid,"ambient, instrumental, instrumental hip-hop, downtempo, dreamscape",0.0357775
Johannes Bornlöf,"piano, ambient, swedish, chillout, chill",0.03576833333333333
Ion Suruceanu,"moldova, moldavian, moldovan, soviet, moldoveneasca",0.03573333333333333
Sue Raney,"jazz, female vocalists, jazz vocal, blues, vocal jazz",0.03570361111111111
Drift,"hardcore, chillout, screamo, dark ambient, ambient",0.035555555555555556
Chon$,,0.03542722222222222
Auðura,,0.03520555555555555
GERXMVP,,0.03513388888888889
Austin Farwell,"classical, piano, contemporary classical, american, america",0.0351
Otto Virell,,0.0350875
Nomad Spector,,0.035069444444444445
Crumb,"indie rock, dream pop, psychedelic pop, indie, indie pop",0.03503333333333333
Rhyaene,,0.03501138888888889
dc0re,,0.034869444444444446
Sepultura,"thrash metal, death metal, metal, brazilian, groove metal",0.034840555555555555
Surf Hat,"surf rock, psychedelic rock",0.034795
Echoes of Embers,,0.03471
The Monzas,"female vocalists, american, funk_add_to_lidarr_batch_27",0.03460611111111111
Barkérby,,0.03453194444444444
Frank Skinner,"soundtrack, british, composer, comedy, stand-up",0.03437361111111111
vhs ghost,"indie pop, lo-fi, bedroom pop, lofi, bedroom",0.0343075
Lester Young,"jazz, saxophone, swing, bebop, tenor sax",0.034221944444444444
Audrey Hepburn,"soundtrack, female vocalists, oldies, 60s, romantic",0.03421111111111111
Sacha Distel,"french, chanson, chanson francaise, 60s, sacha distel",0.034181388888888886
potsu,"nu jazz, lo-fi, jazz, chillout, downtempo",0.03417083333333333
Ellie Nanni,,0.03407583333333333
Morrissey,"indie, british, alternative, rock, 80s",0.034029444444444445
Хор братии Свято-Успенской Киево-Печерской Лавры,,0.033959166666666665
Homixide Gang,"trap, malaysia, rage, opium, rap",0.03394666666666667
Jason Fervento,,0.033862222222222224
Cuco,"dream pop, experimental, indie pop, indie, rnb",0.03382861111111111
Juliana Chahayed,"indie pop, indie, rnb, singer-songwriter, american idol",0.03360055555555556
Joep Beving,"piano, contemporary classical, modern classical, neoclassical, post-classical",0.033570277777777775
Abbie Piper,"indie, singer-songwriter, british",0.033556388888888886
Blissouro,,0.03338888888888889
bulcadoshow,usa,0.03330166666666667
_BY.ALEXANDER,"jazz, idm, jazz pop, british, pop",0.03314138888888889
Damian Marley,"reggae, dancehall, jamaica, ragga, hip-hop",0.03313777777777778
snafu,"punk rock, punk, hardcore, polish, underground hip-hop",0.033042777777777775
Neon Neon,"electronic, electropop, electro, alternative, synthpop",0.03301111111111111
Auraspheria,,0.032973055555555554
Corbon Amodio,"indie pop, indie, south african, pop",0.03277777777777778
St Michael's Choir,,0.03222361111111111
adore,"ambient, electronic, downtempo, norwegian, electronic rock",0.03220027777777778
Deep Club,,0.03209861111111111
ivri,"shoegaze, pop, rnb, electronic, dream pop",0.03200416666666667
Temporal Drift,,0.03179138888888889
Darren Hayes,"pop, australian, electronic, dance, electronica",0.03153888888888889
The Verve,"britpop, rock, alternative, british, indie",0.031384722222222224
Lontalius,"new zealand, indie, indie pop, indie rock, kiwi",0.031351111111111114
Mckenna Grace,"pop, female vocalists, usa, indie pop, my top songs",0.030826666666666665
Till Brönner,"jazz, smooth jazz, trumpet, chillout, lounge",0.030557777777777777
Loco,"thrash metal, korean, metal, nu metal, hip-hop",0.030144444444444446
you made me happy,,0.03013888888888889
Pianopassion,"german, acoustic, piano, classical, germany",0.030065833333333333
Jetlag,"hard rock, heavy metal, hardcore, power pop, power metal",0.02976388888888889
Eros Ramazzotti,"italian, pop, italian pop, male vocalists, singer-songwriter",0.029731666666666667
Samantha Margret,"pop, usa, 3, spotify, upcoming album 2022",0.02942777777777778
Pixies,"alternative rock, alternative, indie, indie rock, rock",0.027851666666666667
Linda Perhacs,"folk, psychedelic folk, singer-songwriter, psychedelic, female vocalists",0.0276975
Miel De Montagne,"france, french, dream pop, indie pop, french indie",0.027596944444444445
Emile Mosseri,"soundtrack, ambient, new age, composer, score",0.02737777777777778
Antent,"ambient, chillout, russia, electronic, future garage",0.02727
sundots,"indie rock, bedroom pop, indie folk, lo-fi, rare sads",0.027244722222222222
Skee-Lo,"hip-hop, rap, 90s, hip hop, american",0.026405277777777778
Gia Margaret,"ambient, singer-songwriter, piano, indie, indie pop",0.026373888888888888
FloyyMenor,"chile, reggaeton, reggaeton chileno, malianteo, los patos feos",0.026228055555555557
ily rozu,,0.026038055555555554
"Beach, Please!",romanian trap,0.026006388888888888
Other Nothing,"ambient, united states, instrumental",0.025833333333333333
Mount Eerie,"lo-fi, folk, experimental, indie, a campire and a tent and a flashlight and some matches and a tree and that river and my glasses and a spaceship and a really really big bear but the bear is really really far away",0.02578138888888889
Mckyyy,"electro, house",0.025719166666666668
jagger finn,"slowcore, indie, dream pop, lo-fi, bedroom pop",0.02509
George Kulokahai and His Island Serenaders,hawaiian,0.025036944444444445
blohsh,,0.025013055555555556
Sneaker Pimps,"trip-hop, electronic, chillout, alternative, electronica",0.0249575
Israel Kamakawiwo'ole,"hawaiian, folk, acoustic, singer-songwriter, world",0.024806666666666668
DancingRoom,,0.024734444444444444
Kim Bo,,0.02425333333333333
leadwave,"ambient, chillout, dark ambient, instrumental, dreamscape",0.02397777777777778
Bobby Vinton,"oldies, 60s, pop, easy listening, male vocalists",0.023699166666666667
Ashley Park,"indie, broadway, all, pop, twee",0.023448888888888887
Helloween,"power metal, heavy metal, speed metal, metal, german",0.023213888888888888
Alana Puig,,0.02314611111111111
Bing Crosby,"jazz, swing, oldies, christmas, crooners",0.023141944444444444
Nicu Alifantis,"folk, romanian, ballad, chillout, romanian folk",0.022775277777777776
lawencia,,0.02221611111111111
Calum Scott,"pop, british, hairy chest, acoustic, cover",0.021777777777777778
Siberia,"indie rock, indie, russian and good, rock, post-punk",0.02161722222222222
Wheatus,"alternative rock, rock, alternative, indie, pop",0.0213925
T. Rex,"glam rock, classic rock, rock, 70s, glam",0.02132138888888889
Mariachi Sol,,0.02130361111111111
The Quarantined,,0.021218055555555556
Heaven is Shining,"heaven is shining, american",0.0207275
Sebxstian,,0.020602222222222223
Dexys Midnight Runners,"new wave, 80s, british, post-punk, pop",0.020396944444444443
ilie iov,,0.020382777777777777
Seekae,"ambient, glitch, chillout, electronica, electronic",0.020168333333333333
N.W.A.,"hip-hop, gangsta rap, rap, west coast rap, hip hop",0.019644444444444444
Imaginary Future,"indie, guitar, finnish, singer-songwriter, male vocalists",0.019428333333333332
Dio,"heavy metal, hard rock, metal, classic rock, rock",0.019419166666666668
Dan Balan,"pop, dance, electronic, moldovan, o-zone",0.019298055555555554
Marcelo Zarvos,"soundtrack, instrumental, contemporary classical, composer, movie score composers",0.019203055555555557
supernOva,"pop, female vocalists, punk, electronic, chilean",0.01894777777777778
Strawberry Switchblade,"new wave, 80s, post-punk, pop, female vocalists",0.018790833333333333
Crawlers,"rock, indie rock, uk, garage rock, indie",0.01868416666666667
Ricchi E Poveri,"italian, pop, 80s, 70s, italian pop",0.018478055555555557
Marius Moga,"romania, romanian",0.01825777777777778
Alternosfera,"alternative rock, rock, alternative, moldavian, moldova",0.01791138888888889
馬伯騫,china,0.01765138888888889
The McIntosh County Shouters,"gospel, ring shout, united states, folk, a capella",0.017564166666666665
Killa Fonic,"trap, rap, romanian trap, hip hop, romanian hiphop",0.017453055555555555
The Deli,"instrumental, beats, hip-hop, usa, instrumental hip-hop",0.01743861111111111
Ghost,"heavy metal, psychedelic rock, doom metal, psychedelic, progressive rock",0.017415
Ana Sky,,0.016595833333333334
Ursaru,,0.0165175
Art Tatum,"jazz, piano, jazz piano, swing, instrumental",0.016199722222222223
Sorinel de la Plopeni,,0.0161425
Roman Remains,"electronic, british, female vocalists, industrial, duos",0.015894722222222223
Patsy Cline,"country, female vocalists, classic country, oldies, 60s",0.015345555555555555
Noxys,,0.015191944444444444
The Notations,"soul, funk, rnb, chicago, american",0.015176944444444444
Mexican Slum Rats,"surf, surf punk, surf rock, punk, indie",0.015086944444444444
BipolarBuck,,0.014923333333333334
Ophelia Wilde,"piano, classical, love, instrumental, in love",0.0146325
Megan Thee Stallion,"rap, hip-hop, trap, hip hop, american",0.0143525
Lunatic Calm,"electronic, big beat, industrial, electronica, breakbeat",0.014322777777777778
K/DA,"k-pop, pop, korean, league of legends, kpop",0.014228055555555556
SFKReapper,,0.014174166666666667
The Kolors,"italian, funk, pop, electronic, indie pop",0.013859722222222223
Mekker,,0.013595555555555555
Jaymes Young,"indie, alternative, electronic, indie pop, electropop",0.013516944444444444
Broadcast,"electronic, indie, indie pop, dream pop, alternative",0.013084166666666666
Gwen Stefani,"pop, female vocalists, dance, rock, alternative",0.012959444444444445
白色海岸The White Coast,"chinese indie, taiwanese indie, chinese rnb, shoegaze, chinese",0.012651944444444445
O - Olivier Marguerit,,0.01247638888888889
Tralala,"indie pop, indie rock, indie, rock, new york",0.0117675
KAEJAI,,0.0116325
Maisy Kay,"pop, indie, british, london, uk",0.011626944444444445
Camila Cabello,"pop, female vocalists, dance, cuba, cuban",0.011594444444444444
October Surprise,,0.01149638888888889
The Breeders,"alternative, indie, indie rock, female vocalists, alternative rock",0.011324444444444444
Janet Jackson,"pop, rnb, female vocalists, dance, soul",0.011188055555555555
John + Jane Q. Public,,0.010855277777777778
CORPSE,"death metal, grindcore, old school death metal, swedish death metal, thrash metal",0.010465
Dave,"french, rap, grime, hip-hop, british",0.010441388888888889
All Falls Together,,0.010381111111111112
LSD and the Search for God,"shoegaze, psychedelic, dream pop, experimental, post-rock",0.010348055555555555
Fried By Fluoride,"incelcore, punk, epunk, alternative rock, lo-fi",0.010334722222222223
Robert Palmer,"rock, 80s, classic rock, pop, british",0.0101325
Jeremy Zucker,"pop, indie, indie pop, singer-songwriter, hip-hop",0.009837777777777779
Andra,"romanian, pop, andra, rnb, romania",0.009528611111111111
IDK,"rap, hip-hop, trap, hip hop, rnb",0.009528611111111111
Guess Who,"hip-hop, rap, guess who, romanian hip-hop, romanian",0.009477777777777778
Vieru,,0.009423055555555556
The All-American Rejects,"rock, pop punk, alternative, punk, emo",0.009155555555555556
Avril Lavigne,"pop rock, pop, rock, female vocalists, canadian",0.009146111111111112
Troye Sivan,"pop, indie pop, indie, male vocalists, synthpop",0.009140833333333334
Nimeni Altu’,romanian rap,0.009064722222222222
Rodrigo Amarante,"brazil, mpb, folk, brazilian, indie",0.008995555555555555
ALINA,"dance, lithuanian, german, female vocalists, dainuojamoji poezija",0.008984444444444444
Farruko,"reggaeton, latin, puerto rican, puerto rico, reggaeton-boriqua",0.008977777777777777
Lil Tecca,"rap, hip-hop, trap, hip hop, new york",0.008900833333333334
Madison Beer,"pop, female vocalists, rnb, indie, my top songs",0.008888055555555555
Juice WRLD,"trap, rap, emo rap, hip-hop, pop",0.008857777777777777
Green Day,"punk rock, rock, punk, pop punk, alternative",0.008828333333333334
Dove Cameron,"pop, disney, female vocalists, american, my top songs",0.008722777777777777
Yoko Ono,"experimental, avant-garde, japanese, female vocalists, alternative",0.008688333333333333
The Righteous Brothers,"soul, oldies, 60s, pop, classic rock",0.008643055555555555
Vama,"romanian, romanian rock, tudor chirila, rock, j-pop",0.008554444444444444
G-Unit,"rap, hip-hop, gangsta rap, g-unit, hip hop",0.008367222222222222
